time,data_type,value
2023-12-04T00:00:00+00:00,br,"Deep: 18.2, rem: -1, full: 18.2, light: 17"
2023-12-04T00:00:00+00:00,hr,80
2023-12-04T00:00:00+00:00,sleep,"Duration: 20100000, efficiency: 51, start_time: 2023-12-04T02:08:30.000, minutes_asleep: 172, minutes_awake: 163, efficiency: 51"
2023-12-04T00:01:00+00:00,hr,82
2023-12-04T00:02:00+00:00,hr,82
2023-12-04T00:03:00+00:00,hr,83
2023-12-04T00:04:00+00:00,hr,79
2023-12-04T00:05:00+00:00,hr,76
2023-12-04T00:06:00+00:00,hr,77
2023-12-04T00:07:00+00:00,hr,77
2023-12-04T00:08:00+00:00,hr,76
2023-12-04T00:09:00+00:00,hr,72
2023-12-04T00:10:00+00:00,hr,75
2023-12-04T00:11:00+00:00,hr,80
2023-12-04T00:12:00+00:00,hr,83
2023-12-04T00:13:00+00:00,hr,90
2023-12-04T00:14:00+00:00,hr,88
2023-12-04T00:15:00+00:00,hr,86
2023-12-04T00:16:00+00:00,hr,86
2023-12-04T00:17:00+00:00,hr,83
2023-12-04T00:18:00+00:00,hr,79
2023-12-04T00:19:00+00:00,hr,78
2023-12-04T00:20:00+00:00,hr,78
2023-12-04T00:21:00+00:00,hr,76
2023-12-04T00:22:00+00:00,hr,79
2023-12-04T00:23:00+00:00,hr,81
2023-12-04T00:24:00+00:00,hr,80
2023-12-04T00:25:00+00:00,hr,79
2023-12-04T00:26:00+00:00,hr,80
2023-12-04T00:27:00+00:00,hr,82
2023-12-04T00:28:00+00:00,hr,80
2023-12-04T00:29:00+00:00,hr,81
2023-12-04T00:30:00+00:00,hr,84
2023-12-04T00:31:00+00:00,hr,88
2023-12-04T00:32:00+00:00,hr,89
2023-12-04T00:33:00+00:00,hr,90
2023-12-04T00:34:00+00:00,hr,93
2023-12-04T00:35:00+00:00,hr,93
2023-12-04T00:36:00+00:00,hr,92
2023-12-04T00:37:00+00:00,hr,94
2023-12-04T00:38:00+00:00,hr,95
2023-12-04T00:39:00+00:00,hr,97
2023-12-04T00:40:00+00:00,hr,95
2023-12-04T00:41:00+00:00,hr,95
2023-12-04T00:42:00+00:00,hr,95
2023-12-04T00:43:00+00:00,hr,94
2023-12-04T00:44:00+00:00,hr,94
2023-12-04T00:45:00+00:00,hr,91
2023-12-04T00:46:00+00:00,hr,89
2023-12-04T00:47:00+00:00,hr,90
2023-12-04T00:48:00+00:00,hr,88
2023-12-04T00:49:00+00:00,hr,89
2023-12-04T00:50:00+00:00,hr,86
2023-12-04T00:51:00+00:00,hr,83
2023-12-04T00:52:00+00:00,hr,86
2023-12-04T00:53:00+00:00,hr,87
2023-12-04T00:54:00+00:00,hr,88
2023-12-04T00:55:00+00:00,hr,88
2023-12-04T00:56:00+00:00,hr,89
2023-12-04T00:57:00+00:00,hr,91
2023-12-04T00:58:00+00:00,steps,9
2023-12-04T00:58:00+00:00,hr,93
2023-12-04T00:59:00+00:00,hr,90
2023-12-04T00:59:00+00:00,steps,9
2023-12-04T01:00:00+00:00,hr,95
2023-12-04T01:00:00+00:00,steps,13
2023-12-04T01:01:00+00:00,hr,95
2023-12-04T01:01:00+00:00,steps,7
2023-12-04T01:02:00+00:00,hr,97
2023-12-04T01:02:00+00:00,steps,22
2023-12-04T01:03:00+00:00,hr,99
2023-12-04T01:04:00+00:00,steps,9
2023-12-04T01:04:00+00:00,hr,96
2023-12-04T01:05:00+00:00,hr,95
2023-12-04T01:06:00+00:00,hr,91
2023-12-04T01:07:00+00:00,hr,93
2023-12-04T01:08:00+00:00,hr,91
2023-12-04T01:09:00+00:00,hr,91
2023-12-04T01:10:00+00:00,hr,85
2023-12-04T01:11:00+00:00,hr,87
2023-12-04T01:12:00+00:00,hr,88
2023-12-04T01:12:00+00:00,steps,7
2023-12-04T01:13:00+00:00,hr,93
2023-12-04T01:13:00+00:00,steps,10
2023-12-04T01:14:00+00:00,hr,95
2023-12-04T01:15:00+00:00,hr,88
2023-12-04T01:16:00+00:00,hr,89
2023-12-04T01:16:00+00:00,steps,10
2023-12-04T01:17:00+00:00,hr,92
2023-12-04T01:18:00+00:00,hr,93
2023-12-04T01:19:00+00:00,steps,11
2023-12-04T01:19:00+00:00,hr,96
2023-12-04T01:20:00+00:00,hr,97
2023-12-04T01:20:00+00:00,steps,5
2023-12-04T01:21:00+00:00,steps,10
2023-12-04T01:21:00+00:00,hr,98
2023-12-04T01:22:00+00:00,hr,100
2023-12-04T01:22:00+00:00,steps,43
2023-12-04T01:23:00+00:00,steps,11
2023-12-04T01:23:00+00:00,hr,98
2023-12-04T01:24:00+00:00,steps,9
2023-12-04T01:24:00+00:00,hr,100
2023-12-04T01:25:00+00:00,hr,94
2023-12-04T01:26:00+00:00,hr,84
2023-12-04T01:27:00+00:00,steps,7
2023-12-04T01:27:00+00:00,hr,86
2023-12-04T01:28:00+00:00,hr,88
2023-12-04T01:29:00+00:00,hr,88
2023-12-04T01:30:00+00:00,hr,89
2023-12-04T01:31:00+00:00,hr,88
2023-12-04T01:32:00+00:00,hr,89
2023-12-04T01:33:00+00:00,hr,92
2023-12-04T01:34:00+00:00,hr,90
2023-12-04T01:35:00+00:00,hr,90
2023-12-04T01:36:00+00:00,hr,90
2023-12-04T01:37:00+00:00,hr,92
2023-12-04T01:38:00+00:00,hr,89
2023-12-04T01:39:00+00:00,hr,84
2023-12-04T01:40:00+00:00,hr,85
2023-12-04T01:41:00+00:00,hr,86
2023-12-04T01:42:00+00:00,hr,86
2023-12-04T01:43:00+00:00,hr,83
2023-12-04T01:44:00+00:00,hr,83
2023-12-04T01:45:00+00:00,hr,83
2023-12-04T01:46:00+00:00,hr,84
2023-12-04T01:47:00+00:00,hr,82
2023-12-04T01:48:00+00:00,hr,83
2023-12-04T01:49:00+00:00,hr,89
2023-12-04T01:50:00+00:00,hr,98
2023-12-04T01:51:00+00:00,hr,100
2023-12-04T01:52:00+00:00,steps,6
2023-12-04T01:52:00+00:00,hr,96
2023-12-04T01:53:00+00:00,hr,97
2023-12-04T01:54:00+00:00,hr,92
2023-12-04T01:55:00+00:00,hr,88
2023-12-04T01:56:00+00:00,hr,90
2023-12-04T01:57:00+00:00,hr,85
2023-12-04T01:58:00+00:00,hr,85
2023-12-04T01:59:00+00:00,hr,90
2023-12-04T02:00:00+00:00,hr,91
2023-12-04T02:01:00+00:00,hr,94
2023-12-04T02:02:00+00:00,steps,4
2023-12-04T02:02:00+00:00,hr,100
2023-12-04T02:03:00+00:00,hr,96
2023-12-04T02:03:00+00:00,steps,9
2023-12-04T02:04:00+00:00,hr,104
2023-12-04T02:04:00+00:00,steps,25
2023-12-04T02:05:00+00:00,hr,96
2023-12-04T02:06:00+00:00,hr,88
2023-12-04T02:07:00+00:00,hr,86
2023-12-04T02:08:00+00:00,hr,84
2023-12-04T02:09:00+00:00,hr,83
2023-12-04T02:10:00+00:00,hr,81
2023-12-04T02:10:00+00:00,hrv,"RMSSD: 26.156, coverage: 0.987, hf: 110.833 lf: 313.489"
2023-12-04T02:11:00+00:00,hr,79
2023-12-04T02:12:00+00:00,hr,81
2023-12-04T02:13:00+00:00,hr,78
2023-12-04T02:14:00+00:00,hr,81
2023-12-04T02:15:00+00:00,hrv,"RMSSD: 25.243, coverage: 0.95, hf: 123.335 lf: 495.918"
2023-12-04T02:15:00+00:00,hr,77
2023-12-04T02:16:00+00:00,hr,77
2023-12-04T02:17:00+00:00,hr,79
2023-12-04T02:18:00+00:00,hr,78
2023-12-04T02:19:00+00:00,hr,78
2023-12-04T02:20:00+00:00,hr,76
2023-12-04T02:20:00+00:00,hrv,"RMSSD: 24.905, coverage: 0.927, hf: 155.895 lf: 289.662"
2023-12-04T02:21:00+00:00,hr,77
2023-12-04T02:22:00+00:00,hr,77
2023-12-04T02:23:00+00:00,hr,75
2023-12-04T02:24:00+00:00,hr,83
2023-12-04T02:25:00+00:00,hr,78
2023-12-04T02:25:00+00:00,hrv,"RMSSD: 20.27, coverage: 1.002, hf: 135.967 lf: 139.198"
2023-12-04T02:25:03+00:00,spo2,94.5
2023-12-04T02:26:00+00:00,hr,77
2023-12-04T02:26:03+00:00,spo2,95
2023-12-04T02:27:00+00:00,hr,77
2023-12-04T02:27:03+00:00,spo2,95.3
2023-12-04T02:28:00+00:00,hr,78
2023-12-04T02:28:03+00:00,spo2,95.3
2023-12-04T02:29:00+00:00,hr,78
2023-12-04T02:29:03+00:00,spo2,95.3
2023-12-04T02:30:00+00:00,hr,78
2023-12-04T02:30:00+00:00,hrv,"RMSSD: 23.557, coverage: 0.98, hf: 196.171 lf: 294.982"
2023-12-04T02:30:03+00:00,spo2,95.3
2023-12-04T02:31:00+00:00,hr,76
2023-12-04T02:31:03+00:00,spo2,95.5
2023-12-04T02:32:00+00:00,hr,76
2023-12-04T02:32:03+00:00,spo2,95.8
2023-12-04T02:33:00+00:00,hr,73
2023-12-04T02:33:03+00:00,spo2,95.6
2023-12-04T02:34:00+00:00,hr,70
2023-12-04T02:34:03+00:00,spo2,95
2023-12-04T02:35:00+00:00,hr,68
2023-12-04T02:35:00+00:00,hrv,"RMSSD: 31.666, coverage: 0.988, hf: 222.988 lf: 256.766"
2023-12-04T02:35:03+00:00,spo2,95.9
2023-12-04T02:36:00+00:00,hr,70
2023-12-04T02:36:03+00:00,spo2,96.3
2023-12-04T02:37:00+00:00,hr,75
2023-12-04T02:37:03+00:00,spo2,96.8
2023-12-04T02:38:00+00:00,hr,75
2023-12-04T02:38:03+00:00,spo2,97
2023-12-04T02:39:00+00:00,hr,75
2023-12-04T02:39:03+00:00,spo2,97.1
2023-12-04T02:40:00+00:00,hrv,"RMSSD: 25.644, coverage: 1.003, hf: 203.053 lf: 468.976"
2023-12-04T02:40:00+00:00,hr,77
2023-12-04T02:40:03+00:00,spo2,97.1
2023-12-04T02:41:00+00:00,hr,76
2023-12-04T02:41:03+00:00,spo2,96.9
2023-12-04T02:42:00+00:00,hr,78
2023-12-04T02:42:03+00:00,spo2,96.9
2023-12-04T02:43:00+00:00,hr,76
2023-12-04T02:43:03+00:00,spo2,96.6
2023-12-04T02:44:00+00:00,hr,78
2023-12-04T02:44:03+00:00,spo2,96.4
2023-12-04T02:45:00+00:00,hrv,"RMSSD: 22.569, coverage: 1.003, hf: 154.606 lf: 208.234"
2023-12-04T02:45:00+00:00,hr,76
2023-12-04T02:45:03+00:00,spo2,96.2
2023-12-04T02:46:00+00:00,hr,76
2023-12-04T02:46:03+00:00,spo2,96.1
2023-12-04T02:47:00+00:00,hr,79
2023-12-04T02:47:03+00:00,spo2,96
2023-12-04T02:48:00+00:00,hr,80
2023-12-04T02:48:03+00:00,spo2,96
2023-12-04T02:49:00+00:00,hr,80
2023-12-04T02:50:00+00:00,hrv,"RMSSD: 19.683, coverage: 0.995, hf: 189.292 lf: 232.527"
2023-12-04T02:50:00+00:00,hr,80
2023-12-04T02:51:00+00:00,hr,80
2023-12-04T02:52:00+00:00,hr,80
2023-12-04T02:53:00+00:00,hr,81
2023-12-04T02:54:00+00:00,hr,82
2023-12-04T02:55:00+00:00,hrv,"RMSSD: 17.504, coverage: 0.982, hf: 98.213 lf: 96.485"
2023-12-04T02:55:00+00:00,hr,82
2023-12-04T02:56:00+00:00,hr,83
2023-12-04T02:56:03+00:00,spo2,96
2023-12-04T02:57:00+00:00,hr,83
2023-12-04T02:57:03+00:00,spo2,96.2
2023-12-04T02:58:00+00:00,hr,83
2023-12-04T02:58:03+00:00,spo2,96.3
2023-12-04T02:59:00+00:00,hr,84
2023-12-04T02:59:03+00:00,spo2,96.3
2023-12-04T03:00:00+00:00,hr,84
2023-12-04T03:00:00+00:00,hrv,"RMSSD: 14.003, coverage: 1.002, hf: 69.608 lf: 90.482"
2023-12-04T03:00:03+00:00,spo2,96.2
2023-12-04T03:01:00+00:00,hr,85
2023-12-04T03:01:03+00:00,spo2,96.2
2023-12-04T03:02:00+00:00,hr,84
2023-12-04T03:02:03+00:00,spo2,96.2
2023-12-04T03:03:00+00:00,hr,85
2023-12-04T03:03:03+00:00,spo2,96.1
2023-12-04T03:04:00+00:00,hr,85
2023-12-04T03:04:03+00:00,spo2,95.9
2023-12-04T03:05:00+00:00,hr,86
2023-12-04T03:05:00+00:00,hrv,"RMSSD: 14.361, coverage: 0.987, hf: 77.24 lf: 105.155"
2023-12-04T03:05:03+00:00,spo2,95.8
2023-12-04T03:06:00+00:00,hr,87
2023-12-04T03:06:03+00:00,spo2,95.9
2023-12-04T03:07:00+00:00,hr,86
2023-12-04T03:07:03+00:00,spo2,96
2023-12-04T03:08:00+00:00,hr,87
2023-12-04T03:08:03+00:00,spo2,96.1
2023-12-04T03:09:00+00:00,hr,87
2023-12-04T03:09:03+00:00,spo2,95.9
2023-12-04T03:10:00+00:00,hr,87
2023-12-04T03:10:00+00:00,hrv,"RMSSD: 13.896, coverage: 1.005, hf: 79.293 lf: 75.473"
2023-12-04T03:10:03+00:00,spo2,95.7
2023-12-04T03:11:00+00:00,hr,87
2023-12-04T03:11:03+00:00,spo2,95.7
2023-12-04T03:12:00+00:00,hr,88
2023-12-04T03:12:03+00:00,spo2,95.9
2023-12-04T03:13:00+00:00,hr,87
2023-12-04T03:13:03+00:00,spo2,96
2023-12-04T03:14:00+00:00,hr,86
2023-12-04T03:14:03+00:00,spo2,96.1
2023-12-04T03:15:00+00:00,hrv,"RMSSD: 15.739, coverage: 0.878, hf: 47.971 lf: 95.477"
2023-12-04T03:15:00+00:00,hr,87
2023-12-04T03:15:03+00:00,spo2,96.1
2023-12-04T03:16:00+00:00,hr,88
2023-12-04T03:16:03+00:00,spo2,96.1
2023-12-04T03:17:00+00:00,hr,92
2023-12-04T03:18:00+00:00,hr,81
2023-12-04T03:18:03+00:00,spo2,96.1
2023-12-04T03:19:00+00:00,hr,82
2023-12-04T03:20:00+00:00,hr,91
2023-12-04T03:20:00+00:00,hrv,"RMSSD: 17.131, coverage: 0.869, hf: 78.993 lf: 108.816"
2023-12-04T03:21:00+00:00,hr,81
2023-12-04T03:21:03+00:00,spo2,95.8
2023-12-04T03:22:00+00:00,hr,83
2023-12-04T03:22:03+00:00,spo2,95.6
2023-12-04T03:23:00+00:00,hr,84
2023-12-04T03:23:03+00:00,spo2,95.5
2023-12-04T03:24:00+00:00,hr,82
2023-12-04T03:24:03+00:00,spo2,95.4
2023-12-04T03:25:00+00:00,hrv,"RMSSD: 13.743, coverage: 0.964, hf: 50.855 lf: 118.412"
2023-12-04T03:25:00+00:00,hr,83
2023-12-04T03:25:03+00:00,spo2,95.5
2023-12-04T03:26:00+00:00,hr,81
2023-12-04T03:26:03+00:00,spo2,95.4
2023-12-04T03:27:00+00:00,hr,80
2023-12-04T03:27:03+00:00,spo2,95.4
2023-12-04T03:28:00+00:00,hr,79
2023-12-04T03:28:03+00:00,spo2,95.5
2023-12-04T03:29:00+00:00,hr,81
2023-12-04T03:29:03+00:00,spo2,95.4
2023-12-04T03:30:00+00:00,hr,77
2023-12-04T03:30:00+00:00,hrv,"RMSSD: 18.678, coverage: 0.927, hf: 70.217 lf: 281.075"
2023-12-04T03:30:03+00:00,spo2,95.2
2023-12-04T03:31:00+00:00,hr,76
2023-12-04T03:31:03+00:00,spo2,95.1
2023-12-04T03:32:00+00:00,hr,76
2023-12-04T03:33:00+00:00,hr,77
2023-12-04T03:33:03+00:00,spo2,95.1
2023-12-04T03:34:00+00:00,hr,81
2023-12-04T03:34:03+00:00,spo2,94.6
2023-12-04T03:35:00+00:00,hrv,"RMSSD: 13.285, coverage: 0.979, hf: 41.127 lf: 70.224"
2023-12-04T03:35:00+00:00,hr,80
2023-12-04T03:35:03+00:00,spo2,94.6
2023-12-04T03:36:00+00:00,hr,81
2023-12-04T03:36:03+00:00,spo2,94.7
2023-12-04T03:37:00+00:00,hr,83
2023-12-04T03:37:03+00:00,spo2,94.6
2023-12-04T03:38:00+00:00,hr,84
2023-12-04T03:38:03+00:00,spo2,94.7
2023-12-04T03:39:00+00:00,hr,83
2023-12-04T03:39:03+00:00,spo2,94.7
2023-12-04T03:40:00+00:00,hrv,"RMSSD: 14.868, coverage: 0.993, hf: 60.657 lf: 156.485"
2023-12-04T03:40:00+00:00,hr,84
2023-12-04T03:40:03+00:00,spo2,94.6
2023-12-04T03:41:00+00:00,hr,81
2023-12-04T03:41:03+00:00,spo2,94.5
2023-12-04T03:42:00+00:00,hr,81
2023-12-04T03:43:00+00:00,hr,82
2023-12-04T03:43:03+00:00,spo2,94.3
2023-12-04T03:44:00+00:00,hr,79
2023-12-04T03:44:03+00:00,spo2,94
2023-12-04T03:45:00+00:00,hr,78
2023-12-04T03:45:03+00:00,spo2,93.8
2023-12-04T03:46:00+00:00,hr,84
2023-12-04T03:46:03+00:00,spo2,93.9
2023-12-04T03:47:00+00:00,hr,84
2023-12-04T03:48:00+00:00,hr,85
2023-12-04T03:48:03+00:00,spo2,93.8
2023-12-04T03:49:00+00:00,steps,4
2023-12-04T03:49:00+00:00,hr,83
2023-12-04T03:50:00+00:00,hr,76
2023-12-04T03:50:00+00:00,hrv,"RMSSD: 29.581, coverage: 0.985, hf: 278.948 lf: 1626.922"
2023-12-04T03:50:03+00:00,spo2,92.9
2023-12-04T03:51:00+00:00,hr,74
2023-12-04T03:51:03+00:00,spo2,93.5
2023-12-04T03:52:00+00:00,hr,74
2023-12-04T03:52:03+00:00,spo2,94
2023-12-04T03:53:00+00:00,hr,70
2023-12-04T03:53:03+00:00,spo2,94.1
2023-12-04T03:54:00+00:00,hr,69
2023-12-04T03:54:03+00:00,spo2,94.1
2023-12-04T03:55:00+00:00,hr,71
2023-12-04T03:55:00+00:00,hrv,"RMSSD: 36.53, coverage: 0.964, hf: 301.497 lf: 1190.217"
2023-12-04T03:55:03+00:00,spo2,94.2
2023-12-04T03:56:00+00:00,hr,70
2023-12-04T03:56:03+00:00,spo2,94.2
2023-12-04T03:57:00+00:00,hr,70
2023-12-04T03:57:03+00:00,spo2,94.4
2023-12-04T03:58:00+00:00,hr,70
2023-12-04T03:58:03+00:00,spo2,94.4
2023-12-04T03:59:00+00:00,hr,64
2023-12-04T03:59:03+00:00,spo2,94.1
2023-12-04T04:00:00+00:00,hrv,"RMSSD: 54.537, coverage: 0.941, hf: 711.602 lf: 3277.271"
2023-12-04T04:00:00+00:00,hr,68
2023-12-04T04:01:00+00:00,hr,68
2023-12-04T04:01:03+00:00,spo2,93.8
2023-12-04T04:02:00+00:00,hr,68
2023-12-04T04:03:00+00:00,hr,64
2023-12-04T04:03:03+00:00,spo2,94
2023-12-04T04:04:00+00:00,hr,67
2023-12-04T04:04:03+00:00,spo2,95
2023-12-04T04:05:00+00:00,hr,68
2023-12-04T04:05:00+00:00,hrv,"RMSSD: 39.754, coverage: 0.992, hf: 428.938 lf: 474.908"
2023-12-04T04:05:03+00:00,spo2,95.7
2023-12-04T04:06:00+00:00,hr,67
2023-12-04T04:06:03+00:00,spo2,96.2
2023-12-04T04:07:00+00:00,hr,67
2023-12-04T04:07:03+00:00,spo2,96.8
2023-12-04T04:08:00+00:00,hr,67
2023-12-04T04:08:03+00:00,spo2,97.1
2023-12-04T04:09:00+00:00,hr,67
2023-12-04T04:09:03+00:00,spo2,96.5
2023-12-04T04:10:00+00:00,hr,67
2023-12-04T04:10:00+00:00,hrv,"RMSSD: 38.243, coverage: 1.005, hf: 290.689 lf: 168.053"
2023-12-04T04:10:03+00:00,spo2,96.6
2023-12-04T04:11:00+00:00,hr,68
2023-12-04T04:11:03+00:00,spo2,96.5
2023-12-04T04:12:00+00:00,hr,68
2023-12-04T04:12:03+00:00,spo2,96.2
2023-12-04T04:13:00+00:00,hr,67
2023-12-04T04:13:03+00:00,spo2,96.9
2023-12-04T04:14:00+00:00,hr,68
2023-12-04T04:14:03+00:00,spo2,97.8
2023-12-04T04:15:00+00:00,hrv,"RMSSD: 47.043, coverage: 0.999, hf: 464.677 lf: 357.562"
2023-12-04T04:15:00+00:00,hr,65
2023-12-04T04:15:03+00:00,spo2,98.1
2023-12-04T04:16:00+00:00,hr,64
2023-12-04T04:16:03+00:00,spo2,97.7
2023-12-04T04:17:00+00:00,hr,67
2023-12-04T04:17:03+00:00,spo2,97.5
2023-12-04T04:18:00+00:00,hr,66
2023-12-04T04:18:03+00:00,spo2,98
2023-12-04T04:19:00+00:00,hr,67
2023-12-04T04:19:03+00:00,spo2,98
2023-12-04T04:20:00+00:00,hrv,"RMSSD: 51.864, coverage: 0.994, hf: 469.519 lf: 653.072"
2023-12-04T04:20:00+00:00,hr,65
2023-12-04T04:20:03+00:00,spo2,98.1
2023-12-04T04:21:00+00:00,hr,66
2023-12-04T04:21:03+00:00,spo2,97.6
2023-12-04T04:22:00+00:00,hr,65
2023-12-04T04:22:03+00:00,spo2,97.9
2023-12-04T04:23:00+00:00,hr,65
2023-12-04T04:23:03+00:00,spo2,97.8
2023-12-04T04:24:00+00:00,hr,65
2023-12-04T04:24:03+00:00,spo2,97.6
2023-12-04T04:25:00+00:00,hr,67
2023-12-04T04:25:00+00:00,hrv,"RMSSD: 42.431, coverage: 1.003, hf: 410.159 lf: 398.709"
2023-12-04T04:25:03+00:00,spo2,98
2023-12-04T04:26:00+00:00,hr,67
2023-12-04T04:26:03+00:00,spo2,97.8
2023-12-04T04:27:00+00:00,hr,66
2023-12-04T04:27:03+00:00,spo2,98
2023-12-04T04:28:00+00:00,hr,66
2023-12-04T04:28:03+00:00,spo2,98.1
2023-12-04T04:29:00+00:00,hr,66
2023-12-04T04:29:03+00:00,spo2,98.4
2023-12-04T04:30:00+00:00,hrv,"RMSSD: 58.157, coverage: 1.004, hf: 811.69 lf: 819.185"
2023-12-04T04:30:00+00:00,hr,67
2023-12-04T04:30:03+00:00,spo2,98
2023-12-04T04:31:00+00:00,hr,64
2023-12-04T04:31:03+00:00,spo2,98.3
2023-12-04T04:32:00+00:00,hr,62
2023-12-04T04:32:03+00:00,spo2,98.3
2023-12-04T04:33:00+00:00,hr,63
2023-12-04T04:33:03+00:00,spo2,98
2023-12-04T04:34:00+00:00,hr,64
2023-12-04T04:34:03+00:00,spo2,98.2
2023-12-04T04:35:00+00:00,hrv,"RMSSD: 63.514, coverage: 0.999, hf: 790.399 lf: 1707.362"
2023-12-04T04:35:00+00:00,hr,64
2023-12-04T04:35:03+00:00,spo2,98.3
2023-12-04T04:36:00+00:00,hr,63
2023-12-04T04:36:03+00:00,spo2,98.4
2023-12-04T04:37:00+00:00,hr,62
2023-12-04T04:37:03+00:00,spo2,98.2
2023-12-04T04:38:00+00:00,hr,62
2023-12-04T04:38:03+00:00,spo2,98.1
2023-12-04T04:39:00+00:00,hr,65
2023-12-04T04:39:03+00:00,spo2,98.4
2023-12-04T04:40:00+00:00,hrv,"RMSSD: 51.253, coverage: 0.919, hf: 462.271 lf: 323.008"
2023-12-04T04:40:00+00:00,hr,63
2023-12-04T04:40:03+00:00,spo2,98.1
2023-12-04T04:41:00+00:00,hr,66
2023-12-04T04:41:03+00:00,spo2,98.5
2023-12-04T04:42:00+00:00,hr,66
2023-12-04T04:42:03+00:00,spo2,98.6
2023-12-04T04:43:00+00:00,hr,65
2023-12-04T04:43:03+00:00,spo2,98.8
2023-12-04T04:44:00+00:00,hr,69
2023-12-04T04:45:00+00:00,hrv,"RMSSD: 131.172, coverage: 0.976, hf: 3064.517 lf: 7793.551"
2023-12-04T04:45:00+00:00,hr,61
2023-12-04T04:45:03+00:00,spo2,97.2
2023-12-04T04:46:00+00:00,hr,61
2023-12-04T04:47:00+00:00,hr,65
2023-12-04T04:47:03+00:00,spo2,95.7
2023-12-04T04:48:00+00:00,hr,57
2023-12-04T04:48:03+00:00,spo2,94.9
2023-12-04T04:49:00+00:00,hr,60
2023-12-04T04:49:03+00:00,spo2,94.3
2023-12-04T04:50:00+00:00,hr,60
2023-12-04T04:50:00+00:00,hrv,"RMSSD: 87.383, coverage: 0.97, hf: 2033.039 lf: 3705.412"
2023-12-04T04:50:03+00:00,spo2,93.6
2023-12-04T04:51:00+00:00,hr,58
2023-12-04T04:51:03+00:00,spo2,93.6
2023-12-04T04:52:00+00:00,hr,59
2023-12-04T04:52:03+00:00,spo2,93.7
2023-12-04T04:53:00+00:00,hr,60
2023-12-04T04:53:03+00:00,spo2,93
2023-12-04T04:54:00+00:00,hr,58
2023-12-04T04:54:03+00:00,spo2,93.9
2023-12-04T04:55:00+00:00,hrv,"RMSSD: 49.17, coverage: 0.954, hf: 627.975 lf: 1362.422"
2023-12-04T04:55:00+00:00,hr,61
2023-12-04T04:56:00+00:00,hr,63
2023-12-04T04:56:03+00:00,spo2,94.6
2023-12-04T04:57:00+00:00,hr,65
2023-12-04T04:57:03+00:00,spo2,96.1
2023-12-04T04:58:00+00:00,hr,64
2023-12-04T04:59:00+00:00,hr,62
2023-12-04T04:59:03+00:00,spo2,96.8
2023-12-04T05:00:00+00:00,hrv,"RMSSD: 21.505, coverage: 1.003, hf: 94.587 lf: 479.117"
2023-12-04T05:00:00+00:00,hr,67
2023-12-04T05:00:03+00:00,spo2,96.5
2023-12-04T05:01:00+00:00,hr,72
2023-12-04T05:01:03+00:00,spo2,96.4
2023-12-04T05:02:00+00:00,hr,73
2023-12-04T05:02:03+00:00,spo2,96.6
2023-12-04T05:03:00+00:00,hr,75
2023-12-04T05:04:00+00:00,hr,72
2023-12-04T05:05:00+00:00,hrv,"RMSSD: 36.083, coverage: 0.899, hf: 369.03 lf: 1015.771"
2023-12-04T05:05:00+00:00,hr,75
2023-12-04T05:06:00+00:00,hr,66
2023-12-04T05:07:00+00:00,hr,70
2023-12-04T05:08:00+00:00,hr,71
2023-12-04T05:09:00+00:00,hr,68
2023-12-04T05:10:00+00:00,hr,71
2023-12-04T05:10:00+00:00,hrv,"RMSSD: 33.346, coverage: 0.933, hf: 271.028 lf: 1274.247"
2023-12-04T05:11:00+00:00,hr,70
2023-12-04T05:12:00+00:00,hr,71
2023-12-04T05:13:00+00:00,hr,65
2023-12-04T05:13:03+00:00,spo2,94.7
2023-12-04T05:14:00+00:00,hr,61
2023-12-04T05:14:03+00:00,spo2,94.3
2023-12-04T05:15:00+00:00,hr,65
2023-12-04T05:15:00+00:00,hrv,"RMSSD: 56.307, coverage: 0.914, hf: 528.265 lf: 3847.076"
2023-12-04T05:15:03+00:00,spo2,94.7
2023-12-04T05:16:00+00:00,hr,62
2023-12-04T05:16:03+00:00,spo2,95
2023-12-04T05:17:00+00:00,hr,70
2023-12-04T05:17:03+00:00,spo2,94.9
2023-12-04T05:18:00+00:00,hr,61
2023-12-04T05:18:03+00:00,spo2,95.4
2023-12-04T05:19:00+00:00,hr,67
2023-12-04T05:19:03+00:00,spo2,95.6
2023-12-04T05:20:00+00:00,hr,71
2023-12-04T05:20:00+00:00,hrv,"RMSSD: 70.946, coverage: 0.95, hf: 1289.431 lf: 2922.901"
2023-12-04T05:20:03+00:00,spo2,95.9
2023-12-04T05:21:00+00:00,hr,64
2023-12-04T05:21:03+00:00,spo2,96
2023-12-04T05:22:00+00:00,hr,59
2023-12-04T05:22:03+00:00,spo2,95.7
2023-12-04T05:23:00+00:00,hr,61
2023-12-04T05:23:03+00:00,spo2,96.3
2023-12-04T05:24:00+00:00,hr,65
2023-12-04T05:25:00+00:00,hrv,"RMSSD: 54.467, coverage: 1.002, hf: 644.749 lf: 1379.866"
2023-12-04T05:25:00+00:00,hr,60
2023-12-04T05:25:03+00:00,spo2,96.8
2023-12-04T05:26:00+00:00,hr,62
2023-12-04T05:26:03+00:00,spo2,96.7
2023-12-04T05:27:00+00:00,hr,64
2023-12-04T05:27:03+00:00,spo2,96.9
2023-12-04T05:28:00+00:00,hr,68
2023-12-04T05:28:03+00:00,spo2,96.8
2023-12-04T05:29:00+00:00,hr,68
2023-12-04T05:29:03+00:00,spo2,96.9
2023-12-04T05:30:00+00:00,hr,68
2023-12-04T05:30:00+00:00,hrv,"RMSSD: 49.84, coverage: 0.97, hf: 457.897 lf: 3187.423"
2023-12-04T05:30:03+00:00,spo2,97
2023-12-04T05:31:00+00:00,hr,67
2023-12-04T05:31:03+00:00,spo2,97.3
2023-12-04T05:32:00+00:00,hr,66
2023-12-04T05:33:00+00:00,hr,66
2023-12-04T05:33:03+00:00,spo2,96.6
2023-12-04T05:34:00+00:00,hr,69
2023-12-04T05:34:03+00:00,spo2,95.4
2023-12-04T05:35:00+00:00,hrv,"RMSSD: 35.467, coverage: 0.992, hf: 308.816 lf: 575.357"
2023-12-04T05:35:00+00:00,hr,70
2023-12-04T05:35:03+00:00,spo2,94.5
2023-12-04T05:36:00+00:00,hr,69
2023-12-04T05:36:03+00:00,spo2,94.1
2023-12-04T05:37:00+00:00,hr,68
2023-12-04T05:37:03+00:00,spo2,93.6
2023-12-04T05:38:00+00:00,hr,70
2023-12-04T05:38:03+00:00,spo2,93
2023-12-04T05:39:00+00:00,hr,69
2023-12-04T05:39:03+00:00,spo2,92.6
2023-12-04T05:40:00+00:00,hrv,"RMSSD: 47.698, coverage: 0.955, hf: 591.581 lf: 761.017"
2023-12-04T05:40:00+00:00,hr,68
2023-12-04T05:40:03+00:00,spo2,92.6
2023-12-04T05:41:00+00:00,hr,64
2023-12-04T05:41:03+00:00,spo2,92.5
2023-12-04T05:42:00+00:00,hr,69
2023-12-04T05:42:03+00:00,spo2,92.6
2023-12-04T05:43:00+00:00,hr,69
2023-12-04T05:43:03+00:00,spo2,92.4
2023-12-04T05:44:00+00:00,hr,70
2023-12-04T05:45:00+00:00,hrv,"RMSSD: 48.409, coverage: 0.71, hf: 362.638 lf: 3105.155"
2023-12-04T05:45:00+00:00,hr,62
2023-12-04T05:46:00+00:00,hr,62
2023-12-04T05:46:03+00:00,spo2,92.6
2023-12-04T05:47:00+00:00,hr,63
2023-12-04T05:48:00+00:00,hr,72
2023-12-04T05:48:03+00:00,spo2,93.1
2023-12-04T05:49:00+00:00,hr,69
2023-12-04T05:49:03+00:00,spo2,94.3
2023-12-04T05:50:00+00:00,hr,70
2023-12-04T05:50:00+00:00,hrv,"RMSSD: 39.468, coverage: 0.873, hf: 373.091 lf: 1151.144"
2023-12-04T05:50:03+00:00,spo2,95.1
2023-12-04T05:51:00+00:00,hr,69
2023-12-04T05:51:03+00:00,spo2,95.7
2023-12-04T05:52:00+00:00,hr,69
2023-12-04T05:52:03+00:00,spo2,95.9
2023-12-04T05:53:00+00:00,hr,67
2023-12-04T05:54:00+00:00,hr,71
2023-12-04T05:55:00+00:00,hr,74
2023-12-04T05:55:00+00:00,hrv,"RMSSD: 37.287, coverage: 0.961, hf: 512.63 lf: 1776.508"
2023-12-04T05:55:03+00:00,spo2,95.4
2023-12-04T05:56:00+00:00,hr,72
2023-12-04T05:56:03+00:00,spo2,95.5
2023-12-04T05:57:00+00:00,hr,64
2023-12-04T05:57:03+00:00,spo2,95.5
2023-12-04T05:58:00+00:00,hr,70
2023-12-04T05:58:03+00:00,spo2,95.4
2023-12-04T05:59:00+00:00,hr,71
2023-12-04T06:00:00+00:00,hr,71
2023-12-04T06:00:03+00:00,spo2,94.4
2023-12-04T06:01:00+00:00,hr,70
2023-12-04T06:01:03+00:00,spo2,92.7
2023-12-04T06:02:00+00:00,hr,73
2023-12-04T06:03:00+00:00,hr,74
2023-12-04T06:03:03+00:00,spo2,93.6
2023-12-04T06:04:00+00:00,hr,74
2023-12-04T06:04:03+00:00,spo2,95.2
2023-12-04T06:05:00+00:00,hr,76
2023-12-04T06:05:00+00:00,hrv,"RMSSD: 45.184, coverage: 0.795, hf: 393.303 lf: 738.501"
2023-12-04T06:05:03+00:00,spo2,96.3
2023-12-04T06:06:00+00:00,hr,75
2023-12-04T06:06:03+00:00,spo2,97.2
2023-12-04T06:07:00+00:00,hr,73
2023-12-04T06:07:03+00:00,spo2,96.9
2023-12-04T06:08:00+00:00,hr,74
2023-12-04T06:08:03+00:00,spo2,97.5
2023-12-04T06:09:00+00:00,hr,74
2023-12-04T06:09:03+00:00,spo2,97.8
2023-12-04T06:10:00+00:00,hr,70
2023-12-04T06:10:00+00:00,hrv,"RMSSD: 51.125, coverage: 0.919, hf: 584.86 lf: 665.085"
2023-12-04T06:11:00+00:00,hr,70
2023-12-04T06:11:03+00:00,spo2,98.4
2023-12-04T06:12:00+00:00,hr,71
2023-12-04T06:12:03+00:00,spo2,99.2
2023-12-04T06:13:00+00:00,hr,70
2023-12-04T06:13:03+00:00,spo2,99.1
2023-12-04T06:14:00+00:00,hr,70
2023-12-04T06:14:03+00:00,spo2,99
2023-12-04T06:15:00+00:00,hr,71
2023-12-04T06:15:03+00:00,spo2,98.9
2023-12-04T06:16:00+00:00,hr,71
2023-12-04T06:17:00+00:00,hr,70
2023-12-04T06:17:03+00:00,spo2,99.2
2023-12-04T06:18:00+00:00,hr,72
2023-12-04T06:18:03+00:00,spo2,99.6
2023-12-04T06:19:00+00:00,hr,70
2023-12-04T06:20:00+00:00,hr,70
2023-12-04T06:20:03+00:00,spo2,99.6
2023-12-04T06:21:00+00:00,hr,72
2023-12-04T06:21:03+00:00,spo2,98.2
2023-12-04T06:22:00+00:00,hr,69
2023-12-04T06:22:03+00:00,spo2,98.9
2023-12-04T06:23:00+00:00,hr,75
2023-12-04T06:23:03+00:00,spo2,99.9
2023-12-04T06:24:00+00:00,hr,75
2023-12-04T06:24:03+00:00,spo2,100
2023-12-04T06:25:00+00:00,hr,74
2023-12-04T06:25:00+00:00,hrv,"RMSSD: 37.592, coverage: 0.814, hf: 733.179 lf: 1326.763"
2023-12-04T06:26:00+00:00,steps,5
2023-12-04T06:26:00+00:00,hr,72
2023-12-04T06:27:00+00:00,hr,69
2023-12-04T06:27:03+00:00,spo2,97.7
2023-12-04T06:28:00+00:00,hr,71
2023-12-04T06:28:03+00:00,spo2,97.4
2023-12-04T06:29:00+00:00,hr,73
2023-12-04T06:30:00+00:00,hr,69
2023-12-04T06:30:00+00:00,hrv,"RMSSD: 33.196, coverage: 1.003, hf: 313.396 lf: 331.858"
2023-12-04T06:30:03+00:00,spo2,97.2
2023-12-04T06:31:00+00:00,hr,70
2023-12-04T06:31:03+00:00,spo2,97
2023-12-04T06:32:00+00:00,hr,69
2023-12-04T06:32:03+00:00,spo2,97
2023-12-04T06:33:00+00:00,hr,72
2023-12-04T06:33:03+00:00,spo2,97
2023-12-04T06:34:00+00:00,hr,69
2023-12-04T06:34:03+00:00,spo2,96.9
2023-12-04T06:35:00+00:00,hrv,"RMSSD: 18.283, coverage: 0.946, hf: 91.71 lf: 943.337"
2023-12-04T06:35:00+00:00,hr,72
2023-12-04T06:35:03+00:00,spo2,96.9
2023-12-04T06:36:00+00:00,hr,75
2023-12-04T06:36:03+00:00,spo2,96.9
2023-12-04T06:37:00+00:00,hr,74
2023-12-04T06:37:03+00:00,spo2,97
2023-12-04T06:38:00+00:00,hr,76
2023-12-04T06:39:00+00:00,hr,67
2023-12-04T06:39:03+00:00,spo2,96.5
2023-12-04T06:40:00+00:00,hr,71
2023-12-04T06:40:00+00:00,hrv,"RMSSD: 25.551, coverage: 0.984, hf: 140.09 lf: 398.587"
2023-12-04T06:40:03+00:00,spo2,96
2023-12-04T06:41:00+00:00,hr,69
2023-12-04T06:41:03+00:00,spo2,95.9
2023-12-04T06:42:00+00:00,hr,70
2023-12-04T06:42:03+00:00,spo2,95.6
2023-12-04T06:43:00+00:00,hr,73
2023-12-04T06:43:03+00:00,spo2,95.9
2023-12-04T06:44:00+00:00,hr,74
2023-12-04T06:44:03+00:00,spo2,95.8
2023-12-04T06:45:00+00:00,hr,73
2023-12-04T06:45:00+00:00,hrv,"RMSSD: 19.597, coverage: 0.986, hf: 107.163 lf: 409.675"
2023-12-04T06:46:00+00:00,hr,72
2023-12-04T06:46:03+00:00,spo2,95.8
2023-12-04T06:47:00+00:00,hr,72
2023-12-04T06:47:03+00:00,spo2,95.7
2023-12-04T06:48:00+00:00,hr,73
2023-12-04T06:48:03+00:00,spo2,95.7
2023-12-04T06:49:00+00:00,hr,75
2023-12-04T06:49:03+00:00,spo2,95.7
2023-12-04T06:50:00+00:00,hr,69
2023-12-04T06:50:00+00:00,hrv,"RMSSD: 19.123, coverage: 0.969, hf: 72.965 lf: 363.753"
2023-12-04T06:50:03+00:00,spo2,95.9
2023-12-04T06:51:00+00:00,hr,71
2023-12-04T06:51:03+00:00,spo2,95.9
2023-12-04T06:52:00+00:00,hr,73
2023-12-04T06:52:03+00:00,spo2,96.1
2023-12-04T06:53:00+00:00,hr,75
2023-12-04T06:53:03+00:00,spo2,96.2
2023-12-04T06:54:00+00:00,hr,76
2023-12-04T06:54:03+00:00,spo2,96.5
2023-12-04T06:55:00+00:00,hrv,"RMSSD: 18.186, coverage: 0.983, hf: 62.15 lf: 537.699"
2023-12-04T06:55:00+00:00,hr,76
2023-12-04T06:55:03+00:00,spo2,96.6
2023-12-04T06:56:00+00:00,hr,75
2023-12-04T06:56:03+00:00,spo2,96.6
2023-12-04T06:57:00+00:00,hr,76
2023-12-04T06:57:03+00:00,spo2,96.6
2023-12-04T06:58:00+00:00,hr,72
2023-12-04T06:58:03+00:00,spo2,96.2
2023-12-04T06:59:00+00:00,hr,73
2023-12-04T06:59:03+00:00,spo2,95.9
2023-12-04T07:00:00+00:00,hr,69
2023-12-04T07:00:00+00:00,hrv,"RMSSD: 69.107, coverage: 0.9, hf: 1390.593 lf: 3766.725"
2023-12-04T07:01:00+00:00,hr,69
2023-12-04T07:01:03+00:00,spo2,95.5
2023-12-04T07:02:00+00:00,hr,68
2023-12-04T07:02:03+00:00,spo2,95.2
2023-12-04T07:03:00+00:00,hr,68
2023-12-04T07:04:00+00:00,hr,69
2023-12-04T07:04:03+00:00,spo2,95.2
2023-12-04T07:05:00+00:00,hrv,"RMSSD: 60.339, coverage: 0.982, hf: 1039.821 lf: 3873.721"
2023-12-04T07:05:00+00:00,hr,67
2023-12-04T07:06:00+00:00,hr,66
2023-12-04T07:06:03+00:00,spo2,95.3
2023-12-04T07:07:00+00:00,hr,67
2023-12-04T07:07:03+00:00,spo2,95.2
2023-12-04T07:08:00+00:00,hr,65
2023-12-04T07:08:03+00:00,spo2,95.2
2023-12-04T07:09:00+00:00,hr,67
2023-12-04T07:09:03+00:00,spo2,95.2
2023-12-04T07:10:00+00:00,hrv,"RMSSD: 61.957, coverage: 0.926, hf: 585.944 lf: 3318.143"
2023-12-04T07:10:00+00:00,hr,64
2023-12-04T07:10:03+00:00,spo2,95
2023-12-04T07:11:00+00:00,hr,65
2023-12-04T07:11:03+00:00,spo2,95
2023-12-04T07:12:00+00:00,hr,65
2023-12-04T07:12:03+00:00,spo2,95.1
2023-12-04T07:13:00+00:00,hr,65
2023-12-04T07:14:00+00:00,hr,66
2023-12-04T07:14:03+00:00,spo2,94.9
2023-12-04T07:15:00+00:00,hr,64
2023-12-04T07:15:00+00:00,hrv,"RMSSD: 56.555, coverage: 0.989, hf: 870.786 lf: 4417.411"
2023-12-04T07:15:03+00:00,spo2,94.6
2023-12-04T07:16:00+00:00,hr,64
2023-12-04T07:16:03+00:00,spo2,94.4
2023-12-04T07:17:00+00:00,hr,64
2023-12-04T07:17:03+00:00,spo2,94.4
2023-12-04T07:18:00+00:00,hr,66
2023-12-04T07:18:03+00:00,spo2,94.4
2023-12-04T07:19:00+00:00,hr,68
2023-12-04T07:19:03+00:00,spo2,94.3
2023-12-04T07:20:00+00:00,hrv,"RMSSD: 49.524, coverage: 0.997, hf: 694.471 lf: 1924.263"
2023-12-04T07:20:00+00:00,hr,66
2023-12-04T07:20:03+00:00,spo2,94.2
2023-12-04T07:21:00+00:00,hr,63
2023-12-04T07:21:03+00:00,spo2,94.3
2023-12-04T07:22:00+00:00,hr,67
2023-12-04T07:22:03+00:00,spo2,94.3
2023-12-04T07:23:00+00:00,hr,66
2023-12-04T07:23:03+00:00,spo2,94.7
2023-12-04T07:24:00+00:00,hr,64
2023-12-04T07:24:03+00:00,spo2,94.5
2023-12-04T07:25:00+00:00,hr,64
2023-12-04T07:25:00+00:00,hrv,"RMSSD: 42.856, coverage: 0.99, hf: 546 lf: 1741.871"
2023-12-04T07:25:03+00:00,spo2,94.4
2023-12-04T07:26:00+00:00,hr,69
2023-12-04T07:26:03+00:00,spo2,94.4
2023-12-04T07:27:00+00:00,hr,65
2023-12-04T07:27:03+00:00,spo2,94.5
2023-12-04T07:28:00+00:00,hr,67
2023-12-04T07:28:03+00:00,spo2,94.3
2023-12-04T07:29:00+00:00,hr,67
2023-12-04T07:30:00+00:00,hrv,"RMSSD: 37.491, coverage: 0.885, hf: 450.454 lf: 1202.12"
2023-12-04T07:30:00+00:00,hr,75
2023-12-04T07:31:00+00:00,hr,68
2023-12-04T07:31:03+00:00,spo2,94.2
2023-12-04T07:32:00+00:00,hr,70
2023-12-04T07:32:03+00:00,spo2,94.6
2023-12-04T07:33:00+00:00,hr,71
2023-12-04T07:33:03+00:00,spo2,94.7
2023-12-04T07:34:00+00:00,hr,68
2023-12-04T07:34:03+00:00,spo2,94.8
2023-12-04T07:35:00+00:00,hr,68
2023-12-04T07:35:00+00:00,hrv,"RMSSD: 50.834, coverage: 0.947, hf: 597.204 lf: 1940.353"
2023-12-04T07:35:03+00:00,spo2,94.8
2023-12-04T07:36:00+00:00,hr,63
2023-12-04T07:36:03+00:00,spo2,94.4
2023-12-04T07:37:00+00:00,hr,61
2023-12-04T07:37:03+00:00,spo2,94.3
2023-12-04T07:38:00+00:00,hr,68
2023-12-04T07:38:03+00:00,spo2,94.5
2023-12-04T07:39:00+00:00,hr,67
2023-12-04T07:39:03+00:00,spo2,94.8
2023-12-04T07:40:00+00:00,hrv,"RMSSD: 105.078, coverage: 0.793, hf: 1850.257 lf: 3071.001"
2023-12-04T07:40:00+00:00,hr,60
2023-12-04T07:40:03+00:00,spo2,94.9
2023-12-04T07:41:00+00:00,hr,61
2023-12-04T07:41:03+00:00,spo2,95
2023-12-04T07:42:00+00:00,hr,58
2023-12-04T07:42:03+00:00,spo2,95
2023-12-04T07:43:00+00:00,hr,61
2023-12-04T07:43:03+00:00,spo2,94.9
2023-12-04T07:44:00+00:00,hr,63
2023-12-04T07:45:00+00:00,steps,14
2023-12-04T07:45:00+00:00,hr,67
2023-12-04T07:46:00+00:00,hr,73
2023-12-04T07:47:00+00:00,hr,78
2023-12-04T07:47:00+00:00,steps,6
2023-12-04T07:48:00+00:00,hr,87
2023-12-04T07:48:00+00:00,steps,7
2023-12-04T07:49:00+00:00,hr,85
2023-12-04T07:49:00+00:00,steps,14
2023-12-04T07:50:00+00:00,hr,86
2023-12-04T07:51:00+00:00,hr,86
2023-12-04T07:52:00+00:00,steps,20
2023-12-04T07:52:00+00:00,hr,81
2023-12-04T08:12:00+00:00,steps,30
2023-12-04T08:12:00+00:00,hr,89
2023-12-04T08:13:00+00:00,steps,16
2023-12-04T08:13:00+00:00,hr,119
2023-12-04T08:14:00+00:00,hr,119
2023-12-04T08:14:00+00:00,steps,9
2023-12-04T08:15:00+00:00,hr,122
2023-12-04T08:15:00+00:00,steps,18
2023-12-04T08:16:00+00:00,steps,4
2023-12-04T08:16:00+00:00,hr,124
2023-12-04T08:17:00+00:00,hr,108
2023-12-04T08:18:00+00:00,steps,11
2023-12-04T08:18:00+00:00,hr,110
2023-12-04T08:19:00+00:00,hr,108
2023-12-04T08:19:00+00:00,steps,8
2023-12-04T08:20:00+00:00,steps,4
2023-12-04T08:20:00+00:00,hr,120
2023-12-04T08:21:00+00:00,hr,121
2023-12-04T08:22:00+00:00,hr,112
2023-12-04T08:22:00+00:00,steps,110
2023-12-04T08:23:00+00:00,steps,42
2023-12-04T08:23:00+00:00,hr,112
2023-12-04T08:24:00+00:00,hr,108
2023-12-04T08:25:00+00:00,hr,99
2023-12-04T08:26:00+00:00,hr,97
2023-12-04T08:27:00+00:00,hr,94
2023-12-04T08:28:00+00:00,hr,96
2023-12-04T08:29:00+00:00,hr,96
2023-12-04T08:30:00+00:00,hr,95
2023-12-04T08:31:00+00:00,hr,93
2023-12-04T08:32:00+00:00,hr,96
2023-12-04T08:33:00+00:00,hr,94
2023-12-04T08:33:00+00:00,steps,35
2023-12-04T08:34:00+00:00,steps,9
2023-12-04T08:34:00+00:00,hr,115
2023-12-04T08:35:00+00:00,hr,121
2023-12-04T08:36:00+00:00,hr,112
2023-12-04T08:37:00+00:00,hr,114
2023-12-04T08:37:00+00:00,steps,16
2023-12-04T08:38:00+00:00,hr,101
2023-12-04T08:39:00+00:00,hr,98
2023-12-04T08:40:00+00:00,hr,99
2023-12-04T08:41:00+00:00,hr,97
2023-12-04T08:42:00+00:00,hr,95
2023-12-04T08:43:00+00:00,hr,92
2023-12-04T08:44:00+00:00,hr,92
2023-12-04T08:45:00+00:00,hr,90
2023-12-04T08:46:00+00:00,hr,94
2023-12-04T08:47:00+00:00,hr,92
2023-12-04T08:48:00+00:00,hr,91
2023-12-04T08:48:00+00:00,steps,14
2023-12-04T08:49:00+00:00,steps,22
2023-12-04T08:49:00+00:00,hr,98
2023-12-04T08:50:00+00:00,hr,102
2023-12-04T08:51:00+00:00,hr,98
2023-12-04T08:52:00+00:00,hr,91
2023-12-04T08:53:00+00:00,hr,90
2023-12-04T08:54:00+00:00,hr,88
2023-12-04T08:55:00+00:00,hr,88
2023-12-04T08:56:00+00:00,hr,86
2023-12-04T08:57:00+00:00,hr,88
2023-12-04T08:58:00+00:00,hr,90
2023-12-04T08:59:00+00:00,hr,87
2023-12-04T09:00:00+00:00,steps,11
2023-12-04T09:00:00+00:00,hr,90
2023-12-04T09:01:00+00:00,hr,96
2023-12-04T09:02:00+00:00,hr,96
2023-12-04T09:03:00+00:00,steps,4
2023-12-04T09:03:00+00:00,hr,94
2023-12-04T09:04:00+00:00,hr,90
2023-12-04T09:05:00+00:00,hr,87
2023-12-04T09:06:00+00:00,hr,87
2023-12-04T09:07:00+00:00,hr,88
2023-12-04T09:08:00+00:00,hr,92
2023-12-04T09:09:00+00:00,steps,20
2023-12-04T09:09:00+00:00,hr,91
2023-12-04T09:10:00+00:00,hr,92
2023-12-04T09:11:00+00:00,hr,90
2023-12-04T09:12:00+00:00,hr,93
2023-12-04T09:12:00+00:00,steps,15
2023-12-04T09:13:00+00:00,hr,97
2023-12-04T09:13:00+00:00,steps,37
2023-12-04T09:14:00+00:00,steps,7
2023-12-04T09:14:00+00:00,hr,95
2023-12-04T09:15:00+00:00,hr,94
2023-12-04T09:15:00+00:00,steps,4
2023-12-04T09:16:00+00:00,hr,89
2023-12-04T09:17:00+00:00,hr,90
2023-12-04T09:17:00+00:00,steps,7
2023-12-04T09:18:00+00:00,hr,92
2023-12-04T09:19:00+00:00,hr,90
2023-12-04T09:20:00+00:00,hr,102
2023-12-04T09:20:00+00:00,steps,17
2023-12-04T09:21:00+00:00,hr,94
2023-12-04T09:22:00+00:00,hr,88
2023-12-04T09:23:00+00:00,hr,90
2023-12-04T09:23:00+00:00,steps,9
2023-12-04T09:24:00+00:00,hr,91
2023-12-04T09:25:00+00:00,hr,92
2023-12-04T09:26:00+00:00,steps,6
2023-12-04T09:26:00+00:00,hr,99
2023-12-04T09:27:00+00:00,hr,99
2023-12-04T09:28:00+00:00,hr,98
2023-12-04T09:29:00+00:00,hr,95
2023-12-04T09:30:00+00:00,hr,99
2023-12-04T09:31:00+00:00,hr,87
2023-12-04T09:32:00+00:00,hr,82
2023-12-04T09:33:00+00:00,hr,83
2023-12-04T09:34:00+00:00,hr,89
2023-12-04T09:35:00+00:00,hr,89
2023-12-04T09:36:00+00:00,hr,82
2023-12-04T09:37:00+00:00,hr,86
2023-12-04T09:38:00+00:00,hr,92
2023-12-04T09:38:00+00:00,steps,11
2023-12-04T09:39:00+00:00,hr,90
2023-12-04T09:39:00+00:00,steps,10
2023-12-04T09:40:00+00:00,hr,100
2023-12-04T09:41:00+00:00,hr,99
2023-12-04T09:41:00+00:00,steps,12
2023-12-04T09:42:00+00:00,hr,97
2023-12-04T09:43:00+00:00,hr,87
2023-12-04T09:43:00+00:00,steps,12
2023-12-04T09:44:00+00:00,hr,99
2023-12-04T09:45:00+00:00,hr,97
2023-12-04T09:46:00+00:00,hr,88
2023-12-04T09:47:00+00:00,hr,93
2023-12-04T09:48:00+00:00,hr,90
2023-12-04T09:49:00+00:00,hr,90
2023-12-04T09:50:00+00:00,hr,92
2023-12-04T09:51:00+00:00,hr,91
2023-12-04T09:52:00+00:00,hr,87
2023-12-04T09:53:00+00:00,hr,75
2023-12-04T09:54:00+00:00,hr,83
2023-12-04T09:55:00+00:00,hr,87
2023-12-04T09:56:00+00:00,hr,87
2023-12-04T09:57:00+00:00,hr,79
2023-12-04T09:58:00+00:00,hr,82
2023-12-04T09:59:00+00:00,hr,92
2023-12-04T09:59:00+00:00,steps,8
2023-12-04T10:00:00+00:00,hr,92
2023-12-04T10:01:00+00:00,hr,90
2023-12-04T10:02:00+00:00,hr,85
2023-12-04T10:03:00+00:00,hr,92
2023-12-04T10:04:00+00:00,hr,86
2023-12-04T10:05:00+00:00,hr,92
2023-12-04T10:05:00+00:00,steps,20
2023-12-04T10:06:00+00:00,hr,95
2023-12-04T10:07:00+00:00,hr,92
2023-12-04T10:08:00+00:00,hr,92
2023-12-04T10:09:00+00:00,hr,96
2023-12-04T10:10:00+00:00,hr,94
2023-12-04T10:11:00+00:00,hr,90
2023-12-04T10:12:00+00:00,hr,88
2023-12-04T10:13:00+00:00,steps,26
2023-12-04T10:13:00+00:00,hr,88
2023-12-04T10:14:00+00:00,hr,92
2023-12-04T10:15:00+00:00,hr,90
2023-12-04T10:16:00+00:00,hr,86
2023-12-04T10:17:00+00:00,steps,5
2023-12-04T10:17:00+00:00,hr,95
2023-12-04T10:18:00+00:00,hr,96
2023-12-04T10:19:00+00:00,hr,91
2023-12-04T10:20:00+00:00,hr,100
2023-12-04T10:21:00+00:00,hr,104
2023-12-04T10:22:00+00:00,hr,94
2023-12-04T10:23:00+00:00,hr,107
2023-12-04T10:24:00+00:00,hr,100
2023-12-04T10:25:00+00:00,hr,105
2023-12-04T10:26:00+00:00,hr,104
2023-12-04T10:26:00+00:00,steps,8
2023-12-04T10:27:00+00:00,hr,110
2023-12-04T10:28:00+00:00,hr,117
2023-12-04T10:29:00+00:00,hr,112
2023-12-04T10:30:00+00:00,hr,79
2023-12-04T10:31:00+00:00,hr,77
2023-12-04T10:32:00+00:00,steps,7
2023-12-04T10:32:00+00:00,hr,78
2023-12-04T10:33:00+00:00,hr,86
2023-12-04T10:34:00+00:00,hr,84
2023-12-04T10:34:00+00:00,steps,7
2023-12-04T10:35:00+00:00,hr,75
2023-12-04T10:36:00+00:00,hr,78
2023-12-04T10:36:00+00:00,steps,4
2023-12-04T10:37:00+00:00,hr,78
2023-12-04T10:38:00+00:00,hr,79
2023-12-04T10:39:00+00:00,hr,78
2023-12-04T10:40:00+00:00,hr,83
2023-12-04T10:40:00+00:00,steps,9
2023-12-04T10:41:00+00:00,hr,84
2023-12-04T10:42:00+00:00,hr,85
2023-12-04T10:43:00+00:00,steps,7
2023-12-04T10:43:00+00:00,hr,85
2023-12-04T10:44:00+00:00,steps,14
2023-12-04T10:44:00+00:00,hr,87
2023-12-04T10:45:00+00:00,steps,41
2023-12-04T10:45:00+00:00,hr,92
2023-12-04T10:46:00+00:00,hr,88
2023-12-04T10:47:00+00:00,hr,85
2023-12-04T10:47:00+00:00,steps,19
2023-12-04T10:48:00+00:00,hr,87
2023-12-04T10:48:00+00:00,steps,6
2023-12-04T10:49:00+00:00,hr,86
2023-12-04T10:50:00+00:00,hr,88
2023-12-04T10:51:00+00:00,hr,87
2023-12-04T10:52:00+00:00,steps,17
2023-12-04T10:52:00+00:00,hr,87
2023-12-04T10:53:00+00:00,hr,85
2023-12-04T10:53:00+00:00,steps,8
2023-12-04T10:54:00+00:00,hr,83
2023-12-04T10:55:00+00:00,hr,80
2023-12-04T10:56:00+00:00,hr,85
2023-12-04T10:57:00+00:00,hr,81
2023-12-04T10:58:00+00:00,hr,79
2023-12-04T10:59:00+00:00,hr,75
2023-12-04T11:00:00+00:00,hr,79
2023-12-04T11:01:00+00:00,hr,84
2023-12-04T11:02:00+00:00,hr,85
2023-12-04T11:03:00+00:00,hr,77
2023-12-04T11:04:00+00:00,hr,81
2023-12-04T11:05:00+00:00,hr,86
2023-12-04T11:06:00+00:00,hr,82
2023-12-04T11:07:00+00:00,steps,9
2023-12-04T11:07:00+00:00,hr,84
2023-12-04T11:08:00+00:00,steps,18
2023-12-04T11:08:00+00:00,hr,86
2023-12-04T11:09:00+00:00,hr,83
2023-12-04T11:10:00+00:00,hr,79
2023-12-04T11:11:00+00:00,hr,83
2023-12-04T11:11:00+00:00,steps,11
2023-12-04T11:12:00+00:00,hr,83
2023-12-04T11:13:00+00:00,hr,86
2023-12-04T11:14:00+00:00,hr,80
2023-12-04T11:15:00+00:00,hr,74
2023-12-04T11:16:00+00:00,hr,80
2023-12-04T11:17:00+00:00,hr,84
2023-12-04T11:18:00+00:00,hr,86
2023-12-04T11:19:00+00:00,steps,8
2023-12-04T11:19:00+00:00,hr,86
2023-12-04T11:20:00+00:00,hr,85
2023-12-04T11:21:00+00:00,steps,8
2023-12-04T11:21:00+00:00,hr,78
2023-12-04T11:22:00+00:00,hr,84
2023-12-04T11:22:00+00:00,steps,8
2023-12-04T11:23:00+00:00,hr,86
2023-12-04T11:24:00+00:00,steps,8
2023-12-04T11:24:00+00:00,hr,88
2023-12-04T11:25:00+00:00,hr,83
2023-12-04T11:26:00+00:00,hr,83
2023-12-04T11:27:00+00:00,hr,86
2023-12-04T11:28:00+00:00,steps,5
2023-12-04T11:28:00+00:00,hr,80
2023-12-04T11:29:00+00:00,hr,85
2023-12-04T11:30:00+00:00,hr,90
2023-12-04T11:31:00+00:00,steps,14
2023-12-04T11:31:00+00:00,hr,90
2023-12-04T11:32:00+00:00,steps,13
2023-12-04T11:32:00+00:00,hr,84
2023-12-04T11:33:00+00:00,hr,80
2023-12-04T11:34:00+00:00,hr,79
2023-12-04T11:35:00+00:00,hr,86
2023-12-04T11:35:00+00:00,steps,6
2023-12-04T11:36:00+00:00,steps,23
2023-12-04T11:36:00+00:00,hr,85
2023-12-04T11:37:00+00:00,hr,83
2023-12-04T11:38:00+00:00,hr,84
2023-12-04T11:39:00+00:00,hr,90
2023-12-04T11:40:00+00:00,hr,90
2023-12-04T11:41:00+00:00,hr,87
2023-12-04T11:42:00+00:00,hr,90
2023-12-04T11:42:00+00:00,steps,9
2023-12-04T11:43:00+00:00,hr,85
2023-12-04T11:44:00+00:00,hr,87
2023-12-04T11:45:00+00:00,hr,88
2023-12-04T11:45:00+00:00,steps,7
2023-12-04T11:46:00+00:00,hr,90
2023-12-04T11:47:00+00:00,steps,28
2023-12-04T11:47:00+00:00,hr,101
2023-12-04T11:48:00+00:00,steps,30
2023-12-04T11:48:00+00:00,hr,105
2023-12-04T11:49:00+00:00,hr,106
2023-12-04T11:49:00+00:00,steps,9
2023-12-04T11:50:00+00:00,steps,56
2023-12-04T11:50:00+00:00,hr,111
2023-12-04T11:51:00+00:00,steps,18
2023-12-04T11:51:00+00:00,hr,106
2023-12-04T11:52:00+00:00,hr,92
2023-12-04T11:52:00+00:00,steps,7
2023-12-04T11:53:00+00:00,hr,97
2023-12-04T11:53:00+00:00,steps,24
2023-12-04T11:54:00+00:00,hr,88
2023-12-04T11:55:00+00:00,hr,84
2023-12-04T11:56:00+00:00,hr,86
2023-12-04T11:56:00+00:00,steps,18
2023-12-04T11:57:00+00:00,hr,88
2023-12-04T11:58:00+00:00,hr,89
2023-12-04T11:59:00+00:00,hr,85
2023-12-04T12:00:00+00:00,hr,85
2023-12-04T12:01:00+00:00,hr,85
2023-12-04T12:02:00+00:00,hr,87
2023-12-04T12:03:00+00:00,hr,85
2023-12-04T12:04:00+00:00,hr,85
2023-12-04T12:05:00+00:00,hr,83
2023-12-04T12:06:00+00:00,hr,83
2023-12-04T12:07:00+00:00,hr,85
2023-12-04T12:08:00+00:00,hr,85
2023-12-04T12:09:00+00:00,hr,84
2023-12-04T12:10:00+00:00,hr,82
2023-12-04T12:11:00+00:00,hr,86
2023-12-04T12:12:00+00:00,steps,9
2023-12-04T12:12:00+00:00,hr,87
2023-12-04T12:13:00+00:00,hr,83
2023-12-04T12:13:00+00:00,steps,16
2023-12-04T12:14:00+00:00,hr,85
2023-12-04T12:15:00+00:00,hr,87
2023-12-04T12:16:00+00:00,hr,87
2023-12-04T12:17:00+00:00,hr,88
2023-12-04T12:17:00+00:00,steps,8
2023-12-04T12:18:00+00:00,hr,89
2023-12-04T12:19:00+00:00,hr,89
2023-12-04T12:20:00+00:00,hr,91
2023-12-04T12:21:00+00:00,steps,34
2023-12-04T12:21:00+00:00,hr,88
2023-12-04T12:22:00+00:00,steps,21
2023-12-04T12:22:00+00:00,hr,88
2023-12-04T12:23:00+00:00,steps,20
2023-12-04T12:23:00+00:00,hr,93
2023-12-04T12:24:00+00:00,hr,90
2023-12-04T12:24:00+00:00,steps,32
2023-12-04T12:25:00+00:00,steps,30
2023-12-04T12:25:00+00:00,hr,90
2023-12-04T12:26:00+00:00,steps,40
2023-12-04T12:26:00+00:00,hr,89
2023-12-04T12:27:00+00:00,steps,38
2023-12-04T12:27:00+00:00,hr,90
2023-12-04T12:28:00+00:00,hr,99
2023-12-04T12:28:00+00:00,steps,11
2023-12-04T12:29:00+00:00,steps,3
2023-12-04T12:29:00+00:00,hr,95
2023-12-04T12:30:00+00:00,hr,97
2023-12-04T12:30:00+00:00,steps,10
2023-12-04T12:31:00+00:00,hr,93
2023-12-04T12:31:00+00:00,steps,1
2023-12-04T12:32:00+00:00,hr,95
2023-12-04T12:33:00+00:00,hr,85
2023-12-04T12:34:00+00:00,hr,84
2023-12-04T12:34:00+00:00,steps,18
2023-12-04T12:35:00+00:00,hr,86
2023-12-04T12:35:00+00:00,steps,39
2023-12-04T12:36:00+00:00,hr,85
2023-12-04T12:37:00+00:00,hr,82
2023-12-04T12:38:00+00:00,hr,80
2023-12-04T12:39:00+00:00,hr,78
2023-12-04T12:40:00+00:00,hr,78
2023-12-04T12:41:00+00:00,hr,82
2023-12-04T12:42:00+00:00,hr,85
2023-12-04T12:43:00+00:00,steps,27
2023-12-04T12:43:00+00:00,hr,87
2023-12-04T12:44:00+00:00,hr,90
2023-12-04T12:44:00+00:00,steps,8
2023-12-04T12:45:00+00:00,steps,8
2023-12-04T12:45:00+00:00,hr,93
2023-12-04T12:46:00+00:00,hr,94
2023-12-04T12:47:00+00:00,hr,94
2023-12-04T12:48:00+00:00,hr,87
2023-12-04T12:49:00+00:00,hr,84
2023-12-04T12:50:00+00:00,steps,45
2023-12-04T12:50:00+00:00,hr,88
2023-12-04T12:51:00+00:00,steps,76
2023-12-04T12:51:00+00:00,hr,91
2023-12-21T13:50:00+00:00,steps,20
2023-12-21T13:50:00+00:00,hr,97
2023-12-21T13:51:00+00:00,hr,98
2023-12-21T13:51:00+00:00,steps,14
2023-12-21T13:52:00+00:00,hr,100
2023-12-21T13:52:00+00:00,steps,27
2023-12-21T13:53:00+00:00,hr,93
2023-12-21T13:54:00+00:00,hr,101
2023-12-21T13:55:00+00:00,hr,99
2023-12-21T13:56:00+00:00,hr,99
2023-12-21T13:56:00+00:00,steps,21
2023-12-21T13:57:00+00:00,hr,102
2023-12-21T13:58:00+00:00,steps,6
2023-12-21T13:58:00+00:00,hr,97
2023-12-21T13:59:00+00:00,hr,96
2023-12-21T13:59:00+00:00,steps,31
2023-12-21T14:00:00+00:00,steps,21
2023-12-21T14:00:00+00:00,hr,93
2023-12-21T14:01:00+00:00,hr,96
2023-12-21T14:01:00+00:00,steps,13
2023-12-21T14:02:00+00:00,steps,7
2023-12-21T14:02:00+00:00,hr,93
2023-12-21T14:03:00+00:00,hr,92
2023-12-21T14:03:00+00:00,steps,18
2023-12-21T14:04:00+00:00,hr,97
2023-12-21T14:05:00+00:00,hr,96
2023-12-21T14:06:00+00:00,steps,9
2023-12-21T14:06:00+00:00,hr,96
2023-12-21T14:07:00+00:00,steps,7
2023-12-21T14:07:00+00:00,hr,98
2023-12-21T14:08:00+00:00,hr,99
2023-12-21T14:09:00+00:00,hr,99
2023-12-21T14:10:00+00:00,hr,102
2023-12-21T14:11:00+00:00,steps,11
2023-12-21T14:11:00+00:00,hr,103
2023-12-21T14:12:00+00:00,hr,109
2023-12-21T14:13:00+00:00,steps,17
2023-12-21T14:13:00+00:00,hr,107
2023-12-21T14:14:00+00:00,hr,100
2023-12-21T14:15:00+00:00,hr,98
2023-12-21T14:16:00+00:00,hr,99
2023-12-21T14:17:00+00:00,steps,7
2023-12-21T14:17:00+00:00,hr,101
2023-12-21T14:18:00+00:00,hr,100
2023-12-21T14:18:00+00:00,steps,39
2023-12-21T14:19:00+00:00,steps,95
2023-12-21T14:19:00+00:00,hr,104
2023-12-21T14:20:00+00:00,hr,113
2023-12-21T14:20:00+00:00,steps,65
2023-12-21T14:21:00+00:00,hr,112
2023-12-21T14:21:00+00:00,steps,103
2023-12-21T14:22:00+00:00,steps,100
2023-12-21T14:22:00+00:00,hr,107
2023-12-21T14:23:00+00:00,steps,76
2023-12-21T14:23:00+00:00,hr,99
2023-12-21T14:24:00+00:00,steps,104
2023-12-21T14:24:00+00:00,hr,105
2023-12-21T14:25:00+00:00,hr,105
2023-12-21T14:25:00+00:00,steps,108
2023-12-21T14:26:00+00:00,steps,103
2023-12-21T14:26:00+00:00,hr,106
2023-12-21T14:27:00+00:00,steps,102
2023-12-21T14:27:00+00:00,hr,105
2023-12-21T14:28:00+00:00,hr,101
2023-12-21T14:28:00+00:00,steps,102
2023-12-21T14:29:00+00:00,steps,76
2023-12-21T14:29:00+00:00,hr,104
2023-12-21T14:30:00+00:00,steps,86
2023-12-21T14:30:00+00:00,hr,103
2023-12-21T14:31:00+00:00,steps,104
2023-12-21T14:31:00+00:00,hr,109
2023-12-21T14:32:00+00:00,steps,101
2023-12-21T14:32:00+00:00,hr,105
2023-12-21T14:33:00+00:00,steps,103
2023-12-21T14:33:00+00:00,hr,104
2023-12-21T14:34:00+00:00,hr,102
2023-12-21T14:34:00+00:00,steps,99
2023-12-21T14:35:00+00:00,hr,102
2023-12-21T14:35:00+00:00,steps,97
2023-12-21T14:36:00+00:00,steps,92
2023-12-21T14:36:00+00:00,hr,98
2023-12-21T14:37:00+00:00,steps,96
2023-12-21T14:37:00+00:00,hr,100
2023-12-21T14:38:00+00:00,hr,99
2023-12-21T14:38:00+00:00,steps,92
2023-12-21T14:39:00+00:00,hr,98
2023-12-21T14:39:00+00:00,steps,96
2023-12-21T14:40:00+00:00,hr,99
2023-12-21T14:40:00+00:00,steps,97
2023-12-21T14:41:00+00:00,hr,102
2023-12-21T14:41:00+00:00,steps,94
2023-12-21T14:42:00+00:00,steps,91
2023-12-21T14:42:00+00:00,hr,98
2023-12-21T14:43:00+00:00,steps,96
2023-12-21T14:43:00+00:00,hr,100
2023-12-21T14:44:00+00:00,steps,88
2023-12-21T14:44:00+00:00,hr,108
2023-12-21T14:45:00+00:00,hr,105
2023-12-21T14:45:00+00:00,steps,100
2023-12-21T14:46:00+00:00,steps,98
2023-12-21T14:46:00+00:00,hr,98
2023-12-21T14:47:00+00:00,hr,99
2023-12-21T14:47:00+00:00,steps,92
2023-12-21T14:48:00+00:00,hr,106
2023-12-21T14:48:00+00:00,steps,99
2023-12-21T14:49:00+00:00,hr,103
2023-12-21T14:49:00+00:00,steps,97
2023-12-21T14:50:00+00:00,hr,101
2023-12-21T14:50:00+00:00,steps,97
2023-12-21T14:51:00+00:00,hr,103
2023-12-21T14:51:00+00:00,steps,86
2023-12-21T14:52:00+00:00,hr,104
2023-12-21T14:52:00+00:00,steps,83
2023-12-21T14:53:00+00:00,hr,98
2023-12-21T14:54:00+00:00,steps,12
2023-12-21T14:54:00+00:00,hr,96
2023-12-21T14:55:00+00:00,hr,95
2023-12-21T14:56:00+00:00,hr,101
2023-12-21T14:56:00+00:00,steps,6
2023-12-21T14:57:00+00:00,hr,94
2023-12-21T14:58:00+00:00,hr,87
2023-12-21T14:59:00+00:00,hr,87
2023-12-21T15:00:00+00:00,hr,87
2023-12-21T15:01:00+00:00,hr,86
2023-12-21T15:02:00+00:00,hr,91
2023-12-21T15:03:00+00:00,hr,84
2023-12-21T15:04:00+00:00,hr,84
2023-12-21T15:05:00+00:00,hr,86
2023-12-21T15:06:00+00:00,hr,89
2023-12-21T15:06:00+00:00,steps,18
2023-12-21T15:07:00+00:00,hr,90
2023-12-21T15:08:00+00:00,hr,85
2023-12-21T15:09:00+00:00,hr,89
2023-12-21T15:10:00+00:00,hr,89
2023-12-21T15:11:00+00:00,hr,87
2023-12-21T15:12:00+00:00,hr,84
2023-12-21T15:13:00+00:00,hr,84
2023-12-21T15:14:00+00:00,hr,81
2023-12-21T15:15:00+00:00,hr,80
2023-12-21T15:16:00+00:00,hr,85
2023-12-21T15:17:00+00:00,hr,84
2023-12-21T15:18:00+00:00,hr,86
2023-12-21T15:19:00+00:00,hr,81
2023-12-21T15:20:00+00:00,hr,81
2023-12-21T15:21:00+00:00,hr,87
2023-12-21T15:22:00+00:00,hr,93
2023-12-21T15:22:00+00:00,steps,37
2023-12-21T15:23:00+00:00,hr,96
2023-12-21T15:23:00+00:00,steps,80
2023-12-21T15:24:00+00:00,hr,102
2023-12-21T15:24:00+00:00,steps,82
2023-12-21T15:25:00+00:00,hr,103
2023-12-21T15:25:00+00:00,steps,57
2023-12-21T15:26:00+00:00,hr,100
2023-12-21T15:26:00+00:00,steps,59
2023-12-21T15:27:00+00:00,steps,101
2023-12-21T15:27:00+00:00,hr,101
2023-12-21T15:28:00+00:00,steps,99
2023-12-21T15:28:00+00:00,hr,103
2023-12-21T15:29:00+00:00,steps,31
2023-12-21T15:29:00+00:00,hr,105
2023-12-21T15:30:00+00:00,steps,38
2023-12-21T15:30:00+00:00,hr,104
2023-12-21T15:31:00+00:00,hr,102
2023-12-21T15:31:00+00:00,steps,90
2023-12-21T15:32:00+00:00,steps,101
2023-12-21T15:32:00+00:00,hr,102
2023-12-21T15:33:00+00:00,steps,100
2023-12-21T15:33:00+00:00,hr,104
2023-12-21T15:34:00+00:00,hr,101
2023-12-21T15:34:00+00:00,steps,99
2023-12-21T15:35:00+00:00,hr,98
2023-12-21T15:35:00+00:00,steps,97
2023-12-21T15:36:00+00:00,hr,98
2023-12-21T15:36:00+00:00,steps,93
2023-12-21T15:37:00+00:00,hr,99
2023-12-21T15:37:00+00:00,steps,96
2023-12-21T15:38:00+00:00,hr,105
2023-12-21T15:38:00+00:00,steps,100
2023-12-21T15:39:00+00:00,hr,102
2023-12-21T15:39:00+00:00,steps,86
2023-12-21T15:40:00+00:00,hr,99
2023-12-21T15:40:00+00:00,steps,102
2023-12-21T15:41:00+00:00,steps,46
2023-12-21T15:41:00+00:00,hr,103
2023-12-21T15:42:00+00:00,hr,103
2023-12-21T15:42:00+00:00,steps,95
2023-12-21T15:43:00+00:00,hr,107
2023-12-21T15:43:00+00:00,steps,96
2023-12-21T15:44:00+00:00,hr,105
2023-12-21T15:44:00+00:00,steps,97
2023-12-21T15:45:00+00:00,steps,96
2023-12-21T15:45:00+00:00,hr,100
2023-12-21T15:46:00+00:00,steps,93
2023-12-21T15:46:00+00:00,hr,102
2023-12-21T15:47:00+00:00,steps,99
2023-12-21T15:47:00+00:00,hr,103
2023-12-21T15:48:00+00:00,steps,79
2023-12-21T15:48:00+00:00,hr,99
2023-12-21T15:49:00+00:00,steps,6
2023-12-21T15:49:00+00:00,hr,105
2023-12-21T15:50:00+00:00,steps,75
2023-12-21T15:50:00+00:00,hr,100
2023-12-21T15:51:00+00:00,steps,97
2023-12-21T15:51:00+00:00,hr,101
2023-12-21T15:52:00+00:00,hr,100
2023-12-21T15:52:00+00:00,steps,88
2023-12-21T15:53:00+00:00,hr,101
2023-12-21T15:53:00+00:00,steps,63
2023-12-21T15:54:00+00:00,hr,101
2023-12-21T15:54:00+00:00,steps,79
2023-12-21T15:55:00+00:00,steps,102
2023-12-21T15:55:00+00:00,hr,106
2023-12-21T15:56:00+00:00,hr,105
2023-12-21T15:56:00+00:00,steps,98
2023-12-21T15:57:00+00:00,steps,95
2023-12-21T15:57:00+00:00,hr,107
2023-12-21T15:58:00+00:00,steps,94
2023-12-21T15:58:00+00:00,hr,100
2023-12-21T15:59:00+00:00,hr,101
2023-12-21T15:59:00+00:00,steps,96
2023-12-21T16:00:00+00:00,steps,102
2023-12-21T16:00:00+00:00,hr,102
2023-12-21T16:01:00+00:00,hr,103
2023-12-21T16:01:00+00:00,steps,72
2023-12-21T16:02:00+00:00,steps,105
2023-12-21T16:02:00+00:00,hr,104
2023-12-21T16:03:00+00:00,steps,98
2023-12-21T16:03:00+00:00,hr,107
2023-12-21T16:04:00+00:00,steps,101
2023-12-21T16:04:00+00:00,hr,106
2023-12-21T16:05:00+00:00,hr,107
2023-12-21T16:05:00+00:00,steps,98
2023-12-21T16:06:00+00:00,hr,107
2023-12-21T16:06:00+00:00,steps,91
2023-12-21T16:07:00+00:00,hr,112
2023-12-21T16:07:00+00:00,steps,96
2023-12-21T16:08:00+00:00,hr,112
2023-12-21T16:08:00+00:00,steps,91
2023-12-21T16:09:00+00:00,hr,98
2023-12-21T16:09:00+00:00,steps,85
2023-12-21T16:10:00+00:00,steps,90
2023-12-21T16:10:00+00:00,hr,100
2023-12-21T16:11:00+00:00,hr,102
2023-12-21T16:11:00+00:00,steps,92
2023-12-21T16:12:00+00:00,steps,97
2023-12-21T16:12:00+00:00,hr,100
2023-12-21T16:13:00+00:00,hr,101
2023-12-21T16:13:00+00:00,steps,99
2023-12-21T16:14:00+00:00,hr,100
2023-12-21T16:14:00+00:00,steps,91
2023-12-21T16:15:00+00:00,hr,102
2023-12-21T16:15:00+00:00,steps,40
2023-12-21T16:16:00+00:00,hr,96
2023-12-21T16:16:00+00:00,steps,27
2023-12-21T16:17:00+00:00,hr,97
2023-12-21T16:17:00+00:00,steps,7
2023-12-21T16:18:00+00:00,hr,100
2023-12-21T16:18:00+00:00,steps,25
2023-12-21T16:19:00+00:00,hr,104
2023-12-21T16:19:00+00:00,steps,8
2023-12-21T16:20:00+00:00,steps,8
2023-12-21T16:20:00+00:00,hr,98
2023-12-21T16:21:00+00:00,hr,93
2023-12-21T16:22:00+00:00,hr,88
2023-12-21T16:23:00+00:00,hr,89
2023-12-21T16:24:00+00:00,hr,87
2023-12-21T16:25:00+00:00,hr,85
2023-12-21T16:26:00+00:00,hr,84
2023-12-21T16:27:00+00:00,hr,86
2023-12-21T16:28:00+00:00,hr,88
2023-12-21T16:29:00+00:00,hr,81
2023-12-21T16:30:00+00:00,steps,13
2023-12-21T16:30:00+00:00,hr,85
2023-12-21T16:31:00+00:00,hr,84
2023-12-21T16:32:00+00:00,hr,83
2023-12-21T16:33:00+00:00,hr,84
2023-12-21T16:34:00+00:00,hr,81
2023-12-21T16:35:00+00:00,hr,81
2023-12-21T16:36:00+00:00,hr,76
2023-12-21T16:37:00+00:00,hr,79
2023-12-21T16:38:00+00:00,hr,79
2023-12-21T16:39:00+00:00,hr,79
2023-12-21T16:40:00+00:00,hr,80
2023-12-21T16:41:00+00:00,hr,81
2023-12-21T16:42:00+00:00,hr,72
2023-12-21T16:43:00+00:00,hr,67
2023-12-21T16:44:00+00:00,hr,73
2023-12-21T16:45:00+00:00,hr,75
2023-12-21T16:46:00+00:00,hr,77
2023-12-21T16:47:00+00:00,hr,72
2023-12-21T16:48:00+00:00,hr,71
2023-12-21T16:49:00+00:00,hr,70
2023-12-21T16:50:00+00:00,hr,69
2023-12-21T16:51:00+00:00,hr,68
2023-12-21T16:52:00+00:00,hr,70
2023-12-21T16:53:00+00:00,hr,70
2023-12-21T16:54:00+00:00,hr,72
2023-12-21T16:55:00+00:00,hr,76
2023-12-21T16:56:00+00:00,hr,73
2023-12-21T16:57:00+00:00,hr,73
2023-12-21T16:58:00+00:00,hr,72
2023-12-21T16:59:00+00:00,hr,79
2023-12-21T17:00:00+00:00,hr,81
2023-12-21T17:01:00+00:00,hr,91
2023-12-21T17:02:00+00:00,hr,79
2023-12-21T17:03:00+00:00,hr,73
2023-12-21T17:03:00+00:00,steps,7
2023-12-21T17:04:00+00:00,hr,75
2023-12-21T17:05:00+00:00,hr,76
2023-12-21T17:06:00+00:00,hr,77
2023-12-21T17:07:00+00:00,hr,78
2023-12-21T17:08:00+00:00,hr,77
2023-12-21T17:09:00+00:00,hr,83
2023-12-21T17:10:00+00:00,hr,88
2023-12-21T17:11:00+00:00,hr,90
2023-12-21T17:11:00+00:00,steps,11
2023-12-21T17:12:00+00:00,hr,90
2023-12-21T17:13:00+00:00,hr,93
2023-12-21T17:13:00+00:00,steps,23
2023-12-21T17:14:00+00:00,steps,8
2023-12-21T17:14:00+00:00,hr,93
2023-12-21T17:15:00+00:00,hr,90
2023-12-21T17:16:00+00:00,hr,87
2023-12-21T17:17:00+00:00,hr,85
2023-12-21T17:18:00+00:00,hr,82
2023-12-21T17:19:00+00:00,hr,86
2023-12-21T17:20:00+00:00,hr,89
2023-12-21T17:21:00+00:00,hr,85
2023-12-21T17:22:00+00:00,hr,79
2023-12-21T17:23:00+00:00,hr,78
2023-12-21T17:24:00+00:00,hr,77
2023-12-21T17:25:00+00:00,hr,75
2023-12-21T17:26:00+00:00,hr,81
2023-12-21T17:27:00+00:00,hr,81
2023-12-21T17:28:00+00:00,steps,4
2023-12-21T17:28:00+00:00,hr,88
2023-12-21T17:29:00+00:00,hr,90
2023-12-21T17:30:00+00:00,hr,87
2023-12-21T17:31:00+00:00,hr,86
2023-12-21T17:59:00+00:00,hr,74
2023-12-21T18:00:00+00:00,hr,82
2023-12-21T18:01:00+00:00,hr,82
2023-12-21T18:02:00+00:00,hr,82
2023-12-21T18:25:00+00:00,steps,40
2023-12-21T18:25:00+00:00,hr,92
2023-12-21T18:26:00+00:00,steps,19
2023-12-21T18:26:00+00:00,hr,94
2023-12-21T18:27:00+00:00,steps,22
2023-12-21T18:27:00+00:00,hr,96
2023-12-21T18:28:00+00:00,steps,21
2023-12-21T18:28:00+00:00,hr,98
2023-12-21T18:29:00+00:00,hr,107
2023-12-21T18:30:00+00:00,hr,106
2023-12-21T18:30:00+00:00,steps,22
2023-12-21T18:31:00+00:00,hr,104
2023-12-21T18:32:00+00:00,hr,103
2023-12-21T18:32:00+00:00,steps,18
2023-12-21T18:33:00+00:00,hr,97
2023-12-21T18:33:00+00:00,steps,34
2023-12-21T18:34:00+00:00,hr,94
2023-12-21T18:34:00+00:00,steps,19
2023-12-21T18:35:00+00:00,steps,82
2023-12-21T18:35:00+00:00,hr,97
2023-12-21T18:36:00+00:00,hr,103
2023-12-21T18:36:00+00:00,steps,108
2023-12-21T18:37:00+00:00,hr,101
2023-12-21T18:37:00+00:00,steps,94
2023-12-21T18:38:00+00:00,hr,94
2023-12-21T18:39:00+00:00,hr,84
2023-12-21T18:40:00+00:00,hr,83
2023-12-21T18:41:00+00:00,hr,87
2023-12-21T18:42:00+00:00,hr,88
2023-12-21T18:43:00+00:00,hr,84
2023-12-21T18:44:00+00:00,hr,81
2023-12-21T18:45:00+00:00,hr,78
2023-12-21T18:46:00+00:00,hr,82
2023-12-21T18:47:00+00:00,hr,84
2023-12-21T18:48:00+00:00,steps,18
2023-12-21T18:48:00+00:00,hr,87
2023-12-21T18:49:00+00:00,hr,89
2023-12-21T18:50:00+00:00,hr,82
2023-12-21T18:51:00+00:00,hr,80
2023-12-21T18:52:00+00:00,hr,90
2023-12-21T18:53:00+00:00,hr,90
2023-12-21T18:54:00+00:00,steps,42
2023-12-21T18:54:00+00:00,hr,89
2023-12-21T18:55:00+00:00,hr,100
2023-12-21T18:55:00+00:00,steps,54
2023-12-21T18:56:00+00:00,steps,67
2023-12-21T18:56:00+00:00,hr,98
2023-12-21T18:57:00+00:00,steps,95
2023-12-21T18:57:00+00:00,hr,109
2023-12-21T18:58:00+00:00,steps,104
2023-12-21T18:58:00+00:00,hr,109
2023-12-21T18:59:00+00:00,steps,105
2023-12-21T18:59:00+00:00,hr,112
2023-12-21T19:00:00+00:00,hr,110
2023-12-21T19:00:00+00:00,steps,76
2023-12-21T19:01:00+00:00,steps,106
2023-12-21T19:01:00+00:00,hr,109
2023-12-21T19:02:00+00:00,steps,105
2023-12-21T19:02:00+00:00,hr,105
2023-12-21T19:03:00+00:00,hr,108
2023-12-21T19:03:00+00:00,steps,107
2023-12-21T19:04:00+00:00,steps,81
2023-12-21T19:04:00+00:00,hr,110
2023-12-21T19:05:00+00:00,steps,30
2023-12-21T19:05:00+00:00,hr,101
2023-12-21T19:06:00+00:00,hr,107
2023-12-21T19:06:00+00:00,steps,103
2023-12-21T19:07:00+00:00,hr,99
2023-12-21T19:07:00+00:00,steps,51
2023-12-21T19:08:00+00:00,hr,104
2023-12-21T19:09:00+00:00,hr,102
2023-12-21T19:10:00+00:00,hr,104
2023-12-21T19:11:00+00:00,hr,98
2023-12-21T19:12:00+00:00,hr,87
2023-12-21T19:13:00+00:00,hr,89
2023-12-21T19:14:00+00:00,hr,92
2023-12-21T19:15:00+00:00,hr,92
2023-12-21T19:16:00+00:00,hr,92
2023-12-21T19:16:00+00:00,steps,21
2023-12-21T19:17:00+00:00,steps,95
2023-12-21T19:17:00+00:00,hr,95
2023-12-21T19:18:00+00:00,steps,96
2023-12-21T19:18:00+00:00,hr,101
2023-12-21T19:19:00+00:00,steps,102
2023-12-21T19:19:00+00:00,hr,106
2023-12-21T19:20:00+00:00,steps,99
2023-12-21T19:20:00+00:00,hr,99
2023-12-21T19:21:00+00:00,hr,100
2023-12-21T19:21:00+00:00,steps,86
2023-12-21T19:22:00+00:00,steps,97
2023-12-21T19:22:00+00:00,hr,102
2023-12-21T19:23:00+00:00,steps,97
2023-12-21T19:23:00+00:00,hr,105
2023-12-21T19:24:00+00:00,steps,14
2023-12-21T19:24:00+00:00,hr,102
2023-12-21T19:25:00+00:00,steps,58
2023-12-21T19:25:00+00:00,hr,99
2023-12-21T19:26:00+00:00,hr,95
2023-12-21T19:26:00+00:00,steps,47
2023-12-21T19:27:00+00:00,steps,11
2023-12-21T19:27:00+00:00,hr,95
2023-12-21T19:28:00+00:00,hr,100
2023-12-21T19:28:00+00:00,steps,69
2023-12-21T19:29:00+00:00,hr,105
2023-12-21T19:29:00+00:00,steps,80
2023-12-21T19:30:00+00:00,hr,99
2023-12-21T19:30:00+00:00,steps,39
2023-12-21T19:31:00+00:00,hr,98
2023-12-21T19:31:00+00:00,steps,54
2023-12-21T19:32:00+00:00,hr,98
2023-12-21T19:33:00+00:00,hr,100
2023-12-21T19:34:00+00:00,hr,106
2023-12-21T19:34:00+00:00,steps,106
2023-12-21T19:35:00+00:00,hr,99
2023-12-21T19:36:00+00:00,hr,94
2023-12-21T19:37:00+00:00,hr,101
2023-12-21T19:38:00+00:00,hr,99
2023-12-21T19:39:00+00:00,hr,97
2023-12-21T19:40:00+00:00,hr,93
2023-12-21T19:41:00+00:00,hr,91
2023-12-21T19:42:00+00:00,hr,93
2023-12-21T19:43:00+00:00,hr,93
2023-12-21T19:44:00+00:00,hr,94
2023-12-21T19:45:00+00:00,hr,95
2023-12-21T19:46:00+00:00,hr,95
2023-12-21T19:47:00+00:00,hr,93
2023-12-21T19:48:00+00:00,hr,86
2023-12-21T19:49:00+00:00,hr,87
2023-12-21T19:50:00+00:00,hr,92
2023-12-21T19:51:00+00:00,hr,90
2023-12-21T19:52:00+00:00,hr,90
2023-12-21T19:53:00+00:00,steps,11
2023-12-21T19:53:00+00:00,hr,90
2023-12-21T19:54:00+00:00,hr,91
2023-12-21T19:55:00+00:00,hr,86
2023-12-21T19:56:00+00:00,hr,87
2023-12-21T19:57:00+00:00,hr,90
2023-12-21T19:58:00+00:00,hr,91
2023-12-21T19:58:00+00:00,steps,6
2023-12-21T19:59:00+00:00,hr,88
2023-12-21T20:00:00+00:00,hr,89
2023-12-21T20:01:00+00:00,hr,90
2023-12-21T20:01:00+00:00,steps,7
2023-12-21T20:02:00+00:00,hr,96
2023-12-21T20:03:00+00:00,hr,96
2023-12-21T20:03:00+00:00,steps,4
2023-12-21T20:04:00+00:00,hr,97
2023-12-21T20:05:00+00:00,hr,90
2023-12-21T20:06:00+00:00,hr,86
2023-12-21T20:07:00+00:00,hr,86
2023-12-21T20:08:00+00:00,hr,88
2023-12-21T20:09:00+00:00,hr,91
2023-12-21T20:10:00+00:00,hr,89
2023-12-21T20:11:00+00:00,hr,105
2023-12-21T20:11:00+00:00,steps,4
2023-12-21T20:12:00+00:00,hr,115
2023-12-21T20:13:00+00:00,hr,113
2023-12-21T20:14:00+00:00,hr,111
2023-12-21T20:15:00+00:00,hr,108
2023-12-21T20:16:00+00:00,hr,116
2023-12-21T20:17:00+00:00,hr,120
2023-12-21T20:18:00+00:00,hr,117
2023-12-21T20:18:00+00:00,steps,7
2023-12-21T20:19:00+00:00,steps,4
2023-12-21T20:19:00+00:00,hr,118
2023-12-21T20:20:00+00:00,steps,4
2023-12-21T20:20:00+00:00,hr,111
2023-12-21T20:21:00+00:00,steps,4
2023-12-21T20:21:00+00:00,hr,103
2023-12-21T20:22:00+00:00,hr,101
2023-12-21T20:22:00+00:00,steps,6
2023-12-21T20:23:00+00:00,steps,22
2023-12-21T20:23:00+00:00,hr,102
2023-12-21T20:24:00+00:00,steps,81
2023-12-21T20:24:00+00:00,hr,105
2023-12-21T20:25:00+00:00,hr,105
2023-12-21T20:25:00+00:00,steps,92
2023-12-21T20:26:00+00:00,hr,96
2023-12-21T20:26:00+00:00,steps,46
2023-12-21T20:27:00+00:00,hr,99
2023-12-21T20:27:00+00:00,steps,90
2023-12-21T20:28:00+00:00,hr,96
2023-12-21T20:28:00+00:00,steps,93
2023-12-21T20:29:00+00:00,steps,99
2023-12-21T20:29:00+00:00,hr,100
2023-12-21T20:30:00+00:00,steps,97
2023-12-21T20:30:00+00:00,hr,106
2023-12-21T20:31:00+00:00,steps,96
2023-12-21T20:31:00+00:00,hr,100
2023-12-21T20:32:00+00:00,hr,97
2023-12-21T20:32:00+00:00,steps,93
2023-12-21T20:33:00+00:00,hr,100
2023-12-21T20:33:00+00:00,steps,96
2023-12-21T20:34:00+00:00,steps,51
2023-12-21T20:34:00+00:00,hr,98
2023-12-21T20:35:00+00:00,steps,8
2023-12-21T20:35:00+00:00,hr,94
2023-12-21T20:36:00+00:00,hr,96
2023-12-21T20:37:00+00:00,hr,92
2023-12-21T20:38:00+00:00,hr,96
2023-12-21T20:39:00+00:00,hr,95
2023-12-21T20:40:00+00:00,hr,94
2023-12-21T20:41:00+00:00,steps,4
2023-12-21T20:41:00+00:00,hr,93
2023-12-21T20:42:00+00:00,hr,91
2023-12-21T20:43:00+00:00,hr,95
2023-12-21T20:44:00+00:00,hr,95
2023-12-21T20:45:00+00:00,hr,94
2023-12-21T20:46:00+00:00,hr,92
2023-12-21T20:47:00+00:00,steps,4
2023-12-21T20:47:00+00:00,hr,97
2023-12-21T20:48:00+00:00,hr,102
2023-12-21T20:48:00+00:00,steps,7
2023-12-21T20:49:00+00:00,steps,8
2023-12-21T20:49:00+00:00,hr,97
2023-12-21T20:50:00+00:00,hr,96
2023-12-21T20:51:00+00:00,steps,10
2023-12-21T20:51:00+00:00,hr,96
2023-12-21T20:52:00+00:00,hr,94
2023-12-21T20:53:00+00:00,hr,93
2023-12-21T20:54:00+00:00,hr,91
2023-12-21T20:55:00+00:00,hr,94
2023-12-21T20:56:00+00:00,hr,97
2023-12-21T20:57:00+00:00,hr,99
2023-12-21T20:58:00+00:00,hr,91
2023-12-21T20:59:00+00:00,hr,91
2023-12-21T21:00:00+00:00,hr,96
2023-12-21T21:01:00+00:00,hr,95
2023-12-21T21:02:00+00:00,hr,91
2023-12-21T21:03:00+00:00,hr,89
2023-12-21T21:04:00+00:00,hr,89
2023-12-21T21:05:00+00:00,hr,85
2023-12-21T21:06:00+00:00,hr,84
2023-12-21T21:07:00+00:00,hr,86
2023-12-21T21:08:00+00:00,hr,89
2023-12-21T21:09:00+00:00,steps,10
2023-12-21T21:09:00+00:00,hr,95
2023-12-21T21:10:00+00:00,hr,101
2023-12-21T21:10:00+00:00,steps,17
2023-12-21T21:11:00+00:00,steps,7
2023-12-21T21:11:00+00:00,hr,96
2023-12-21T21:12:00+00:00,hr,112
2023-12-21T21:13:00+00:00,steps,17
2023-12-21T21:13:00+00:00,hr,101
2023-12-21T21:14:00+00:00,hr,98
2023-12-21T21:14:00+00:00,steps,35
2023-12-21T21:15:00+00:00,steps,44
2023-12-21T21:15:00+00:00,hr,99
2023-12-21T21:16:00+00:00,hr,106
2023-12-21T21:17:00+00:00,hr,108
2023-12-21T21:18:00+00:00,hr,104
2023-12-21T21:19:00+00:00,hr,97
2023-12-21T21:20:00+00:00,hr,93
2023-12-21T21:21:00+00:00,hr,100
2023-12-21T21:22:00+00:00,hr,95
2023-12-21T21:23:00+00:00,hr,98
2023-12-21T21:24:00+00:00,hr,99
2023-12-21T21:24:00+00:00,steps,11
2023-12-21T21:25:00+00:00,hr,98
2023-12-21T21:25:00+00:00,steps,6
2023-12-21T21:26:00+00:00,hr,94
2023-12-21T21:27:00+00:00,hr,90
2023-12-21T21:28:00+00:00,hr,90
2023-12-21T21:29:00+00:00,hr,94
2023-12-21T21:30:00+00:00,hr,93
2023-12-21T21:31:00+00:00,hr,94
2023-12-21T21:32:00+00:00,hr,96
2023-12-21T21:33:00+00:00,hr,94
2023-12-21T21:34:00+00:00,hr,94
2023-12-21T21:35:00+00:00,hr,93
2023-12-21T21:36:00+00:00,hr,92
2023-12-21T21:37:00+00:00,hr,88
2023-12-21T21:38:00+00:00,hr,89
2023-12-21T21:39:00+00:00,hr,90
2023-12-21T21:40:00+00:00,hr,90
2023-12-21T21:40:00+00:00,steps,11
2023-12-21T21:41:00+00:00,steps,68
2023-12-21T21:41:00+00:00,hr,92
2023-12-21T21:42:00+00:00,steps,35
2023-12-21T21:42:00+00:00,hr,97
2023-12-21T21:43:00+00:00,hr,104
2023-12-21T21:43:00+00:00,steps,3
2023-12-21T21:44:00+00:00,hr,93
2023-12-21T21:45:00+00:00,hr,89
2023-12-21T21:46:00+00:00,hr,96
2023-12-21T21:46:00+00:00,steps,23
2023-12-21T21:47:00+00:00,steps,10
2023-12-21T21:47:00+00:00,hr,95
2023-12-21T21:48:00+00:00,hr,101
2023-12-21T21:49:00+00:00,hr,98
2023-12-21T21:49:00+00:00,steps,43
2023-12-21T21:50:00+00:00,hr,95
2023-12-21T21:51:00+00:00,hr,98
2023-12-21T21:52:00+00:00,hr,97
2023-12-21T21:53:00+00:00,hr,95
2023-12-21T21:54:00+00:00,hr,93
2023-12-21T21:55:00+00:00,hr,90
2023-12-21T21:56:00+00:00,hr,89
2023-12-21T21:57:00+00:00,hr,90
2023-12-21T21:58:00+00:00,hr,89
2023-12-21T21:59:00+00:00,hr,84
2023-12-21T22:00:00+00:00,hr,91
2023-12-21T22:01:00+00:00,hr,93
2023-12-21T22:02:00+00:00,hr,92
2023-12-21T22:03:00+00:00,hr,88
2023-12-21T22:04:00+00:00,hr,85
2023-12-21T22:05:00+00:00,hr,88
2023-12-21T22:06:00+00:00,hr,89
2023-12-21T22:07:00+00:00,hr,93
2023-12-21T22:08:00+00:00,hr,92
2023-12-21T22:09:00+00:00,hr,90
2023-12-21T22:10:00+00:00,hr,90
2023-12-21T22:11:00+00:00,hr,90
2023-12-21T22:12:00+00:00,hr,90
2023-12-21T22:13:00+00:00,hr,89
2023-12-21T22:14:00+00:00,hr,90
2023-12-21T22:15:00+00:00,hr,89
2023-12-21T22:16:00+00:00,hr,91
2023-12-21T22:17:00+00:00,hr,96
2023-12-21T22:18:00+00:00,hr,96
2023-12-21T22:19:00+00:00,hr,95
2023-12-21T22:20:00+00:00,hr,94
2023-12-21T22:21:00+00:00,hr,94
2023-12-21T22:22:00+00:00,hr,95
2023-12-21T22:23:00+00:00,hr,94
2023-12-21T22:24:00+00:00,hr,98
2023-12-21T22:25:00+00:00,hr,97
2023-12-21T22:25:00+00:00,steps,4
2023-12-21T22:26:00+00:00,hr,99
2023-12-21T22:27:00+00:00,hr,99
2023-12-21T22:28:00+00:00,hr,101
2023-12-21T22:29:00+00:00,hr,96
2023-12-21T22:30:00+00:00,hr,92
2023-12-21T22:31:00+00:00,hr,96
2023-12-21T22:32:00+00:00,hr,91
2023-12-21T22:33:00+00:00,hr,92
2023-12-21T22:34:00+00:00,hr,94
2023-12-21T22:35:00+00:00,hr,94
2023-12-21T22:36:00+00:00,hr,96
2023-12-21T22:37:00+00:00,hr,93
2023-12-21T22:38:00+00:00,hr,98
2023-12-21T22:38:00+00:00,steps,23
2023-12-21T22:39:00+00:00,hr,98
2023-12-21T22:39:00+00:00,steps,27
2023-12-21T22:40:00+00:00,steps,43
2023-12-21T22:40:00+00:00,hr,97
2023-12-21T22:41:00+00:00,steps,7
2023-12-21T22:41:00+00:00,hr,98
2023-12-21T22:42:00+00:00,hr,95
2023-12-21T22:42:00+00:00,steps,6
2023-12-21T22:43:00+00:00,hr,94
2023-12-21T22:44:00+00:00,hr,93
2023-12-21T22:45:00+00:00,hr,93
2023-12-21T22:46:00+00:00,hr,95
2023-12-21T22:47:00+00:00,steps,12
2023-12-21T22:47:00+00:00,hr,92
2023-12-21T22:48:00+00:00,hr,89
2023-12-21T22:49:00+00:00,hr,85
2023-12-21T22:50:00+00:00,hr,85
2023-12-21T22:51:00+00:00,hr,90
2023-12-21T22:52:00+00:00,hr,89
2023-12-21T22:53:00+00:00,hr,89
2023-12-21T22:54:00+00:00,hr,88
2023-12-21T22:55:00+00:00,hr,85
2023-12-21T22:56:00+00:00,hr,86
2023-12-21T22:57:00+00:00,hr,90
2023-12-21T22:58:00+00:00,hr,89
2023-12-21T22:59:00+00:00,hr,94
2023-12-21T23:00:00+00:00,hr,96
2023-12-21T23:01:00+00:00,hr,98
2023-12-21T23:02:00+00:00,hr,94
2023-12-21T23:03:00+00:00,hr,94
2023-12-21T23:04:00+00:00,hr,93
2023-12-21T23:05:00+00:00,hr,94
2023-12-21T23:06:00+00:00,hr,92
2023-12-21T23:07:00+00:00,hr,89
2023-12-21T23:08:00+00:00,hr,92
2023-12-21T23:09:00+00:00,hr,89
2023-12-21T23:10:00+00:00,hr,88
2023-12-21T23:11:00+00:00,hr,86
2023-12-21T23:12:00+00:00,hr,92
2023-12-21T23:13:00+00:00,hr,92
2023-12-21T23:14:00+00:00,hr,94
2023-12-21T23:15:00+00:00,hr,91
2023-12-21T23:16:00+00:00,hr,91
2023-12-21T23:16:00+00:00,steps,8
2023-12-21T23:17:00+00:00,hr,94
2023-12-21T23:18:00+00:00,hr,92
2023-12-21T23:18:00+00:00,steps,6
2023-12-21T23:19:00+00:00,hr,90
2023-12-21T23:20:00+00:00,hr,88
2023-12-21T23:21:00+00:00,hr,85
2023-12-21T23:22:00+00:00,hr,84
2023-12-21T23:23:00+00:00,hr,84
2023-12-21T23:24:00+00:00,hr,88
2023-12-21T23:25:00+00:00,hr,88
2023-12-21T23:26:00+00:00,hr,87
2023-12-21T23:27:00+00:00,hr,83
2023-12-21T23:28:00+00:00,hr,88
2023-12-21T23:29:00+00:00,hr,88
2023-12-21T23:30:00+00:00,hr,87
2023-12-21T23:31:00+00:00,hr,90
2023-12-21T23:32:00+00:00,hr,87
2023-12-21T23:33:00+00:00,hr,85
2023-12-21T23:34:00+00:00,hr,83
2023-12-21T23:35:00+00:00,hr,78
2023-12-21T23:36:00+00:00,hr,87
2023-12-21T23:37:00+00:00,hr,91
2023-12-21T23:38:00+00:00,hr,86
2023-12-21T23:39:00+00:00,hr,88
2023-12-21T23:40:00+00:00,hr,89
2023-12-21T23:41:00+00:00,hr,88
2023-12-21T23:42:00+00:00,hr,86
2023-12-21T23:43:00+00:00,hr,84
2023-12-21T23:44:00+00:00,hr,86
2023-12-21T23:45:00+00:00,hr,87
2023-12-21T23:46:00+00:00,hr,88
2023-12-21T23:47:00+00:00,hr,93
2023-12-21T23:48:00+00:00,steps,36
2023-12-21T23:48:00+00:00,hr,94
2023-12-21T23:49:00+00:00,hr,100
2023-12-21T23:50:00+00:00,hr,109
2023-12-21T23:51:00+00:00,hr,103
2023-12-21T23:51:00+00:00,steps,10
2023-12-21T23:52:00+00:00,steps,45
2023-12-21T23:52:00+00:00,hr,101
2023-12-21T23:53:00+00:00,hr,95
2023-12-21T23:54:00+00:00,hr,92
2023-12-21T23:54:00+00:00,steps,17
2023-12-21T23:55:00+00:00,hr,94
2023-12-21T23:56:00+00:00,hr,95
2023-12-21T23:56:00+00:00,steps,21
2023-12-21T23:57:00+00:00,hr,93
2023-12-21T23:58:00+00:00,hr,92
2023-12-21T23:58:00+00:00,steps,10
2023-12-21T23:59:00+00:00,steps,6
2023-12-21T23:59:00+00:00,hr,93
2023-12-22T00:00:00+00:00,steps,23
2023-12-22T00:00:00+00:00,hr,91
2023-12-22T00:01:00+00:00,steps,54
2023-12-22T00:01:00+00:00,hr,96
2023-12-22T00:02:00+00:00,hr,100
2023-12-22T00:02:00+00:00,steps,49
2023-12-22T00:03:00+00:00,steps,9
2023-12-22T00:03:00+00:00,hr,101
2023-12-22T00:04:00+00:00,hr,98
2023-12-22T00:04:00+00:00,steps,31
2023-12-22T00:05:00+00:00,steps,9
2023-12-22T00:05:00+00:00,hr,97
2023-12-22T00:06:00+00:00,hr,102
2023-12-22T00:07:00+00:00,hr,99
2023-12-22T00:08:00+00:00,hr,98
2023-12-22T00:09:00+00:00,hr,88
2023-12-22T00:10:00+00:00,hr,86
2023-12-22T00:11:00+00:00,hr,85
2023-12-22T00:12:00+00:00,steps,34
2023-12-22T00:12:00+00:00,hr,86
2023-12-22T00:13:00+00:00,steps,16
2023-12-22T00:13:00+00:00,hr,93
2023-12-22T00:14:00+00:00,hr,95
2023-12-22T00:14:00+00:00,steps,17
2023-12-22T00:15:00+00:00,hr,99
2023-12-22T00:16:00+00:00,hr,101
2023-12-22T00:17:00+00:00,hr,96
2023-12-22T00:18:00+00:00,hr,100
2023-12-22T00:19:00+00:00,hr,100
2023-12-22T00:20:00+00:00,hr,105
2023-12-22T00:20:00+00:00,steps,6
2023-12-22T00:21:00+00:00,hr,101
2023-12-22T00:22:00+00:00,steps,18
2023-12-22T00:22:00+00:00,hr,111
2023-12-22T00:23:00+00:00,hr,96
2023-12-22T00:23:00+00:00,steps,6
2023-12-22T00:24:00+00:00,hr,86
2023-12-22T00:25:00+00:00,hr,89
2023-12-22T00:26:00+00:00,hr,94
2023-12-22T00:27:00+00:00,hr,98
2023-12-22T00:28:00+00:00,hr,98
2023-12-22T00:29:00+00:00,hr,103
2023-12-22T00:30:00+00:00,hr,108
2023-12-22T00:30:00+00:00,steps,13
2023-12-22T00:31:00+00:00,hr,96
2023-12-22T00:32:00+00:00,hr,88
2023-12-22T00:33:00+00:00,hr,88
2023-12-22T00:34:00+00:00,hr,90
2023-12-22T00:35:00+00:00,hr,95
2023-12-22T00:36:00+00:00,hr,101
2023-12-22T00:36:00+00:00,steps,8
2023-12-22T00:37:00+00:00,hr,110
2023-12-22T00:37:00+00:00,steps,33
2023-12-22T00:38:00+00:00,hr,124
2023-12-22T00:38:00+00:00,steps,101
2023-12-22T00:39:00+00:00,steps,14
2023-12-22T00:39:00+00:00,hr,124
2023-12-22T00:40:00+00:00,steps,17
2023-12-22T00:40:00+00:00,hr,113
2023-12-22T00:41:00+00:00,hr,120
2023-12-22T00:41:00+00:00,steps,52
2023-12-22T00:42:00+00:00,hr,113
2023-12-22T00:43:00+00:00,hr,106
2023-12-22T00:43:00+00:00,steps,9
2023-12-22T00:44:00+00:00,hr,106
2023-12-22T00:45:00+00:00,hr,113
2023-12-22T00:46:00+00:00,hr,123
2023-12-22T00:47:00+00:00,hr,119
2023-12-22T00:48:00+00:00,hr,120
2023-12-22T00:48:00+00:00,steps,11
2023-12-22T00:49:00+00:00,steps,47
2023-12-22T00:49:00+00:00,hr,104
2023-12-22T00:50:00+00:00,steps,20
2023-12-22T00:50:00+00:00,hr,117
2023-12-22T00:51:00+00:00,steps,119
2023-12-22T00:51:00+00:00,hr,120
2023-12-22T00:52:00+00:00,steps,122
2023-12-22T00:52:00+00:00,hr,127
2023-12-22T00:53:00+00:00,hr,129
2023-12-22T00:53:00+00:00,steps,127
2023-12-22T00:54:00+00:00,hr,134
2023-12-22T00:54:00+00:00,steps,121
2023-12-22T00:55:00+00:00,steps,112
2023-12-22T00:55:00+00:00,hr,128
2023-12-22T00:56:00+00:00,hr,121
2023-12-22T00:57:00+00:00,hr,113
2023-12-22T00:58:00+00:00,steps,20
2023-12-22T00:58:00+00:00,hr,113
2023-12-22T00:59:00+00:00,steps,15
2023-12-22T00:59:00+00:00,hr,112
2023-12-22T01:00:00+00:00,hr,106
2023-12-22T01:01:00+00:00,steps,13
2023-12-22T01:01:00+00:00,hr,100
2023-12-22T01:02:00+00:00,hr,96
2023-12-22T01:03:00+00:00,hr,92
2023-12-22T01:04:00+00:00,hr,92
2023-12-22T01:05:00+00:00,hr,88
2023-12-22T01:06:00+00:00,hr,86
2023-12-22T01:07:00+00:00,hr,88
2023-12-22T01:08:00+00:00,hr,92
2023-12-22T01:09:00+00:00,hr,93
2023-12-22T01:10:00+00:00,hr,95
2023-12-22T01:11:00+00:00,hr,102
2023-12-22T01:12:00+00:00,hr,100
2023-12-22T01:13:00+00:00,hr,97
2023-12-22T01:14:00+00:00,hr,96
2023-12-22T01:15:00+00:00,hr,90
2023-12-22T01:16:00+00:00,hr,93
2023-12-22T01:17:00+00:00,hr,96
2023-12-22T01:18:00+00:00,hr,98
2023-12-22T01:19:00+00:00,hr,101
2023-12-22T01:20:00+00:00,hr,100
2023-12-22T01:21:00+00:00,hr,96
2023-12-22T01:22:00+00:00,hr,98
2023-12-22T01:23:00+00:00,hr,97
2023-12-22T01:24:00+00:00,hr,102
2023-12-22T01:25:00+00:00,hr,115
2023-12-22T01:26:00+00:00,hr,105
2023-12-22T01:27:00+00:00,hr,102
2023-12-22T01:28:00+00:00,hr,113
2023-12-22T01:29:00+00:00,hr,118
2023-12-22T01:30:00+00:00,hr,114
2023-12-22T01:31:00+00:00,hr,111
2023-12-22T01:32:00+00:00,hr,118
2023-12-22T01:33:00+00:00,hr,209
2023-12-22T01:34:00+00:00,hr,198
2023-12-22T01:35:00+00:00,hr,168
2023-12-22T01:36:00+00:00,hr,145
2023-12-22T01:37:00+00:00,hr,130
2023-12-22T01:38:00+00:00,hr,109
2023-12-22T01:39:00+00:00,hr,114
2023-12-22T01:40:00+00:00,hr,137
2023-12-22T01:41:00+00:00,hr,123
2023-12-22T01:42:00+00:00,hr,87
2023-12-22T01:43:00+00:00,hr,76
2023-12-22T01:44:00+00:00,hr,85
2023-12-22T01:45:00+00:00,hr,84
2023-12-22T01:46:00+00:00,hr,128
2023-12-22T01:47:00+00:00,hr,146
2023-12-22T01:48:00+00:00,hr,132
2023-12-22T01:49:00+00:00,hr,97
2023-12-22T01:50:00+00:00,hr,86
2023-12-22T01:51:00+00:00,hr,92
2023-12-22T01:52:00+00:00,hr,95
2023-12-22T01:53:00+00:00,hr,94
2023-12-22T01:54:00+00:00,hr,94
2023-12-22T01:55:00+00:00,hr,94
2023-12-22T01:56:00+00:00,hr,117
2023-12-22T01:57:00+00:00,hr,134
2023-12-22T01:58:00+00:00,hr,119
2023-12-22T01:59:00+00:00,hr,116
2023-12-22T02:00:00+00:00,hr,122
2023-12-22T02:01:00+00:00,hr,141
2023-12-22T02:02:00+00:00,hr,153
2023-12-22T02:03:00+00:00,hr,156
2023-12-22T02:04:00+00:00,hr,140
2023-12-22T02:05:00+00:00,hr,103
2023-12-22T02:06:00+00:00,hr,89
2023-12-22T02:07:00+00:00,hr,79
2023-12-22T02:08:00+00:00,hr,96
2023-12-22T02:09:00+00:00,hr,103
2023-12-22T02:10:00+00:00,hr,90
2023-12-22T02:11:00+00:00,hr,96
2023-12-22T02:12:00+00:00,hr,93
2023-12-22T02:13:00+00:00,hr,110
2023-12-22T02:14:00+00:00,hr,116
2023-12-22T02:15:00+00:00,hr,114
2023-12-22T02:16:00+00:00,hr,111
2023-12-22T02:17:00+00:00,hr,106
2023-12-22T02:18:00+00:00,hr,119
2023-12-22T02:19:00+00:00,hr,140
2023-12-22T02:20:00+00:00,hr,113
2023-12-22T02:21:00+00:00,hr,85
2023-12-22T02:22:00+00:00,hr,93
2023-12-22T02:23:00+00:00,hr,100
2023-12-22T02:24:00+00:00,hr,95
2023-12-22T02:25:00+00:00,hr,104
2023-12-22T02:26:00+00:00,hr,115
2023-12-22T02:27:00+00:00,hr,117
2023-12-22T02:28:00+00:00,hr,118
2023-12-22T02:29:00+00:00,hr,147
2023-12-22T02:30:00+00:00,hr,135
2023-12-22T02:31:00+00:00,hr,113
2023-12-22T02:32:00+00:00,hr,119
2023-12-22T02:33:00+00:00,hr,140
2023-12-22T02:34:00+00:00,hr,142
2023-12-22T02:35:00+00:00,hr,119
2023-12-22T02:36:00+00:00,hr,98
2023-12-22T02:37:00+00:00,hr,119
2023-12-22T02:38:00+00:00,hr,149
2023-12-22T02:39:00+00:00,hr,130
2023-12-22T02:40:00+00:00,hr,154
2023-12-22T02:41:00+00:00,hr,164
2023-12-22T02:42:00+00:00,hr,138
2023-12-22T02:43:00+00:00,hr,139
2023-12-22T02:44:00+00:00,hr,128
2023-12-22T02:45:00+00:00,hr,108
2023-12-22T02:46:00+00:00,hr,87
2023-12-22T02:47:00+00:00,hr,96
2023-12-22T02:48:00+00:00,hr,105
2023-12-22T02:49:00+00:00,hr,78
2023-12-22T02:50:00+00:00,hr,85
2023-12-22T02:51:00+00:00,hr,105
2023-12-22T02:52:00+00:00,hr,100
2023-12-22T02:53:00+00:00,hr,98
2023-12-22T02:54:00+00:00,hr,98
2023-12-22T02:55:00+00:00,hr,98
2023-12-22T02:56:00+00:00,hr,95
2023-12-22T02:57:00+00:00,hr,91
2023-12-22T02:58:00+00:00,hr,90
2023-12-22T02:59:00+00:00,hr,104
2023-12-22T03:00:00+00:00,hr,100
2023-12-22T03:01:00+00:00,hr,102
2023-12-22T03:02:00+00:00,hr,100
2023-12-22T03:03:00+00:00,hr,98
2023-12-22T03:04:00+00:00,hr,101
2023-12-22T03:05:00+00:00,hr,94
2023-12-22T03:06:00+00:00,hr,107
2023-12-22T03:07:00+00:00,hr,132
2023-12-22T03:08:00+00:00,hr,134
2023-12-22T03:09:00+00:00,hr,153
2023-12-22T03:10:00+00:00,hr,142
2023-12-22T03:11:00+00:00,hr,143
2023-12-22T03:12:00+00:00,hr,129
2023-12-22T03:13:00+00:00,hr,111
2023-12-22T03:14:00+00:00,hr,115
2023-12-22T03:15:00+00:00,hr,132
2023-12-22T03:16:00+00:00,hr,135
2023-12-22T03:17:00+00:00,hr,134
2023-12-22T03:18:00+00:00,hr,132
2023-12-22T03:19:00+00:00,hr,116
2023-12-22T03:20:00+00:00,hr,133
2023-12-22T03:21:00+00:00,hr,142
2023-12-22T03:22:00+00:00,hr,128
2023-12-22T03:23:00+00:00,hr,128
2023-12-22T03:24:00+00:00,hr,141
2023-12-22T03:25:00+00:00,hr,147
2023-12-22T03:26:00+00:00,hr,154
2023-12-22T03:27:00+00:00,hr,135
2023-12-22T03:28:00+00:00,hr,133
2023-12-22T03:29:00+00:00,hr,130
2023-12-22T03:30:00+00:00,hr,153
2023-12-22T03:31:00+00:00,hr,147
2023-12-22T03:32:00+00:00,hr,140
2023-12-22T03:33:00+00:00,hr,130
2023-12-22T03:34:00+00:00,hr,125
2023-12-22T03:35:00+00:00,hr,96
2023-12-22T03:36:00+00:00,hr,132
2023-12-22T03:37:00+00:00,hr,121
2023-12-22T03:38:00+00:00,hr,128
2023-12-22T03:39:00+00:00,hr,114
2023-12-22T03:40:00+00:00,hr,129
2023-12-22T03:41:00+00:00,hr,144
2023-12-22T03:42:00+00:00,hr,147
2023-12-22T03:43:00+00:00,hr,154
2023-12-22T03:44:00+00:00,hr,145
2023-12-22T03:45:00+00:00,hr,124
2023-12-22T03:46:00+00:00,hr,122
2023-12-22T03:47:00+00:00,hr,128
2023-12-22T03:48:00+00:00,hr,98
2023-12-22T03:49:00+00:00,hr,101
2023-12-22T03:50:00+00:00,hr,90
2023-12-22T03:51:00+00:00,hr,84
2023-12-22T03:52:00+00:00,hr,88
2023-12-22T03:53:00+00:00,hr,91
2023-12-22T03:54:00+00:00,hr,94
2023-12-22T03:55:00+00:00,hr,96
2023-12-22T03:56:00+00:00,hr,95
2023-12-22T03:57:00+00:00,hr,96
2023-12-22T03:58:00+00:00,hr,99
2023-12-22T03:59:00+00:00,hr,98
2023-12-22T04:00:00+00:00,hr,99
2023-12-22T04:01:00+00:00,hr,128
2023-12-22T04:02:00+00:00,hr,130
2023-12-22T04:03:00+00:00,hr,133
2023-12-22T04:04:00+00:00,hr,116
2023-12-22T04:05:00+00:00,hr,98
2023-12-22T04:06:00+00:00,hr,116
2023-12-22T04:07:00+00:00,hr,109
2023-12-22T04:08:00+00:00,hr,86
2023-12-22T04:09:00+00:00,hr,95
2023-12-22T04:10:00+00:00,hr,99
2023-12-22T04:11:00+00:00,hr,101
2023-12-22T04:12:00+00:00,hr,97
2023-12-22T04:13:00+00:00,hr,98
2023-12-22T04:14:00+00:00,hr,101
2023-12-22T04:15:00+00:00,hr,100
2023-12-22T04:16:00+00:00,hr,97
2023-12-22T04:17:00+00:00,hr,97
2023-12-22T04:18:00+00:00,hr,99
2023-12-22T04:19:00+00:00,hr,114
2023-12-22T04:20:00+00:00,hr,129
2023-12-22T04:21:00+00:00,hr,132
2023-12-22T04:22:00+00:00,hr,152
2023-12-22T04:23:00+00:00,hr,143
2023-12-22T04:24:00+00:00,hr,121
2023-12-22T04:25:00+00:00,hr,135
2023-12-22T04:26:00+00:00,hr,129
2023-12-22T04:27:00+00:00,hr,95
2023-12-22T04:28:00+00:00,hr,92
2023-12-22T04:29:00+00:00,hr,99
2023-12-22T04:30:00+00:00,hr,90
2023-12-22T04:31:00+00:00,hr,91
2023-12-22T04:32:00+00:00,hr,105
2023-12-22T04:33:00+00:00,hr,91
2023-12-22T04:34:00+00:00,hr,95
2023-12-22T04:35:00+00:00,hr,97
2023-12-22T04:36:00+00:00,hr,96
2023-12-22T04:37:00+00:00,hr,95
2023-12-22T04:38:00+00:00,hr,94
2023-12-22T04:39:00+00:00,hr,93
2023-12-22T04:40:00+00:00,hr,108
2023-12-22T04:41:00+00:00,hr,99
2023-12-22T04:42:00+00:00,hr,103
2023-12-22T04:43:00+00:00,hr,100
2023-12-22T12:54:00+00:00,hr,78
2023-12-22T12:55:00+00:00,hr,82
2023-12-22T12:56:00+00:00,hr,82
2023-12-22T13:07:00+00:00,hr,87
2023-12-22T13:08:00+00:00,hr,89
2023-12-22T13:09:00+00:00,hr,94
2023-12-22T13:09:00+00:00,steps,6
2023-12-22T13:10:00+00:00,hr,96
2023-12-22T13:10:00+00:00,steps,24
2023-12-22T13:11:00+00:00,steps,24
2023-12-22T13:11:00+00:00,hr,102
2023-12-22T13:12:00+00:00,hr,99
2023-12-22T13:12:00+00:00,steps,4
2023-12-22T13:13:00+00:00,steps,13
2023-12-22T13:13:00+00:00,hr,111
2023-12-22T13:14:00+00:00,hr,117
2023-12-22T13:15:00+00:00,hr,111
2023-12-22T13:16:00+00:00,hr,110
2023-12-22T13:17:00+00:00,hr,108
2023-12-22T13:18:00+00:00,hr,105
2023-12-22T13:19:00+00:00,hr,98
2023-12-22T13:20:00+00:00,hr,89
2023-12-22T13:21:00+00:00,hr,101
2023-12-22T13:22:00+00:00,hr,98
2023-12-22T13:23:00+00:00,hr,89
2023-12-22T13:24:00+00:00,hr,84
2023-12-22T13:25:00+00:00,steps,39
2023-12-22T13:25:00+00:00,hr,93
2023-12-22T13:26:00+00:00,steps,97
2023-12-22T13:26:00+00:00,hr,103
2023-12-22T13:27:00+00:00,hr,119
2023-12-22T13:27:00+00:00,steps,105
2023-12-22T13:28:00+00:00,steps,100
2023-12-22T13:28:00+00:00,hr,123
2023-12-22T13:29:00+00:00,hr,109
2023-12-22T13:29:00+00:00,steps,27
2023-12-22T13:30:00+00:00,hr,101
2023-12-22T13:31:00+00:00,hr,99
2023-12-22T13:32:00+00:00,hr,96
2023-12-22T13:33:00+00:00,hr,100
2023-12-22T13:34:00+00:00,hr,108
2023-12-22T13:35:00+00:00,hr,111
2023-12-22T13:36:00+00:00,hr,100
2023-12-22T13:37:00+00:00,hr,99
2023-12-22T13:37:00+00:00,steps,23
2023-12-22T13:38:00+00:00,hr,103
2023-12-22T13:39:00+00:00,hr,100
2023-12-22T13:39:00+00:00,steps,10
2023-12-22T13:40:00+00:00,hr,107
2023-12-22T13:40:00+00:00,steps,40
2023-12-22T13:41:00+00:00,hr,106
2023-12-22T13:41:00+00:00,steps,31
2023-12-22T13:42:00+00:00,steps,15
2023-12-22T13:42:00+00:00,hr,101
2023-12-22T13:43:00+00:00,steps,29
2023-12-22T13:43:00+00:00,hr,97
2023-12-22T13:44:00+00:00,steps,72
2023-12-22T13:44:00+00:00,hr,101
2023-12-22T13:45:00+00:00,steps,24
2023-12-22T13:45:00+00:00,hr,109
2023-12-22T13:46:00+00:00,hr,109
2023-12-22T13:46:00+00:00,steps,24
2023-12-22T13:47:00+00:00,steps,11
2023-12-22T13:47:00+00:00,hr,102
2023-12-22T13:48:00+00:00,hr,102
2023-12-22T13:48:00+00:00,steps,21
2023-12-22T13:49:00+00:00,hr,101
2023-12-22T13:50:00+00:00,hr,99
2023-12-22T13:51:00+00:00,steps,21
2023-12-22T13:51:00+00:00,hr,102
2023-12-22T13:52:00+00:00,hr,106
2023-12-22T13:52:00+00:00,steps,23
2023-12-22T13:53:00+00:00,steps,35
2023-12-22T13:53:00+00:00,hr,106
2023-12-22T13:54:00+00:00,hr,102
2023-12-22T13:54:00+00:00,steps,31
2023-12-22T13:55:00+00:00,hr,104
2023-12-22T13:55:00+00:00,steps,14
2023-12-22T13:56:00+00:00,steps,37
2023-12-22T13:56:00+00:00,hr,99
2023-12-22T13:57:00+00:00,hr,97
2023-12-22T13:57:00+00:00,steps,9
2023-12-22T13:58:00+00:00,hr,99
2023-12-22T13:58:00+00:00,steps,19
2023-12-22T13:59:00+00:00,hr,105
2023-12-22T14:00:00+00:00,hr,99
2023-12-22T14:01:00+00:00,hr,99
2023-12-22T14:02:00+00:00,hr,94
2023-12-22T14:02:00+00:00,steps,20
2023-12-22T14:03:00+00:00,hr,99
2023-12-22T14:04:00+00:00,hr,100
2023-12-22T14:05:00+00:00,hr,88
2023-12-22T14:06:00+00:00,hr,91
2023-12-22T14:07:00+00:00,hr,88
2023-12-22T14:08:00+00:00,hr,92
2023-12-22T14:09:00+00:00,hr,93
2023-12-22T14:09:00+00:00,steps,50
2023-12-22T14:10:00+00:00,hr,105
2023-12-22T14:11:00+00:00,hr,103
2023-12-22T14:12:00+00:00,hr,88
2023-12-22T14:13:00+00:00,hr,104
2023-12-22T14:13:00+00:00,steps,89
2023-12-22T14:14:00+00:00,hr,108
2023-12-22T14:14:00+00:00,steps,20
2023-12-22T14:15:00+00:00,hr,95
2023-12-22T14:16:00+00:00,hr,98
2023-12-22T14:17:00+00:00,hr,98
2023-12-22T14:18:00+00:00,steps,8
2023-12-22T14:18:00+00:00,hr,99
2023-12-22T14:19:00+00:00,hr,98
2023-12-22T14:19:00+00:00,steps,1
2023-12-22T14:20:00+00:00,hr,97
2023-12-22T14:21:00+00:00,hr,98
2023-12-22T14:22:00+00:00,hr,95
2023-12-22T14:23:00+00:00,hr,95
2023-12-22T14:24:00+00:00,hr,98
2023-12-22T14:25:00+00:00,hr,96
2023-12-22T14:26:00+00:00,hr,95
2023-12-22T14:27:00+00:00,hr,91
2023-12-22T14:28:00+00:00,hr,92
2023-12-22T14:29:00+00:00,hr,91
2023-12-22T14:29:00+00:00,steps,4
2023-12-22T14:30:00+00:00,hr,92
2023-12-22T14:31:00+00:00,hr,96
2023-12-22T14:32:00+00:00,hr,96
2023-12-22T14:33:00+00:00,hr,97
2023-12-22T14:34:00+00:00,steps,4
2023-12-22T14:34:00+00:00,hr,97
2023-12-22T14:35:00+00:00,hr,94
2023-12-22T14:36:00+00:00,steps,17
2023-12-22T14:36:00+00:00,hr,97
2023-12-22T14:37:00+00:00,steps,67
2023-12-22T14:37:00+00:00,hr,95
2023-12-22T14:38:00+00:00,steps,76
2023-12-22T14:38:00+00:00,hr,103
2023-12-22T14:39:00+00:00,hr,96
2023-12-22T14:39:00+00:00,steps,18
2023-12-22T14:40:00+00:00,hr,96
2023-12-22T14:40:00+00:00,steps,22
2023-12-22T14:41:00+00:00,hr,101
2023-12-22T14:42:00+00:00,hr,99
2023-12-22T14:42:00+00:00,steps,11
2023-12-22T14:43:00+00:00,hr,99
2023-12-22T14:44:00+00:00,hr,95
2023-12-22T14:45:00+00:00,hr,93
2023-12-22T14:46:00+00:00,hr,93
2023-12-22T14:47:00+00:00,hr,86
2023-12-22T14:48:00+00:00,hr,89
2023-12-22T14:49:00+00:00,hr,88
2023-12-22T14:50:00+00:00,hr,89
2023-12-22T14:51:00+00:00,hr,90
2023-12-22T14:52:00+00:00,hr,91
2023-12-22T14:53:00+00:00,steps,8
2023-12-22T14:53:00+00:00,hr,90
2023-12-22T14:54:00+00:00,steps,36
2023-12-22T14:54:00+00:00,hr,94
2023-12-22T14:55:00+00:00,hr,97
2023-12-22T14:56:00+00:00,hr,100
2023-12-22T14:57:00+00:00,hr,98
2023-12-22T14:57:00+00:00,steps,40
2023-12-22T14:58:00+00:00,hr,104
2023-12-22T14:58:00+00:00,steps,101
2023-12-22T14:59:00+00:00,steps,111
2023-12-22T14:59:00+00:00,hr,112
2023-12-22T15:00:00+00:00,steps,87
2023-12-22T15:00:00+00:00,hr,101
2023-12-22T15:01:00+00:00,steps,59
2023-12-22T15:01:00+00:00,hr,99
2023-12-22T15:02:00+00:00,steps,1
2023-12-22T15:02:00+00:00,hr,104
2023-12-22T15:03:00+00:00,steps,20
2023-12-22T15:03:00+00:00,hr,105
2023-12-22T15:04:00+00:00,steps,39
2023-12-22T15:04:00+00:00,hr,102
2023-12-22T15:05:00+00:00,hr,104
2023-12-22T15:05:00+00:00,steps,8
2023-12-22T15:06:00+00:00,hr,101
2023-12-22T15:07:00+00:00,hr,102
2023-12-22T15:08:00+00:00,steps,14
2023-12-22T15:08:00+00:00,hr,104
2023-12-22T15:09:00+00:00,hr,111
2023-12-22T15:10:00+00:00,hr,99
2023-12-22T15:10:00+00:00,steps,7
2023-12-22T15:11:00+00:00,hr,105
2023-12-22T15:11:00+00:00,steps,12
2023-12-22T15:12:00+00:00,hr,105
2023-12-22T15:13:00+00:00,hr,113
2023-12-22T15:13:00+00:00,steps,79
2023-12-22T15:14:00+00:00,hr,113
2023-12-22T15:14:00+00:00,steps,35
2023-12-22T15:15:00+00:00,hr,104
2023-12-22T15:15:00+00:00,steps,21
2023-12-22T15:16:00+00:00,hr,98
2023-12-22T15:17:00+00:00,hr,96
2023-12-22T15:18:00+00:00,hr,98
2023-12-22T15:19:00+00:00,hr,99
2023-12-22T15:20:00+00:00,hr,93
2023-12-22T15:21:00+00:00,hr,95
2023-12-22T15:22:00+00:00,hr,96
2023-12-22T15:23:00+00:00,steps,9
2023-12-22T15:23:00+00:00,hr,94
2023-12-22T15:24:00+00:00,hr,94
2023-12-22T15:25:00+00:00,hr,95
2023-12-22T15:26:00+00:00,hr,94
2023-12-22T15:27:00+00:00,hr,94
2023-12-22T15:27:00+00:00,steps,6
2023-12-22T15:28:00+00:00,steps,8
2023-12-22T15:28:00+00:00,hr,94
2023-12-22T15:29:00+00:00,hr,93
2023-12-22T15:30:00+00:00,hr,95
2023-12-22T15:31:00+00:00,hr,92
2023-12-22T15:32:00+00:00,hr,90
2023-12-22T15:33:00+00:00,hr,89
2023-12-22T15:34:00+00:00,hr,91
2023-12-22T15:35:00+00:00,hr,95
2023-12-22T15:35:00+00:00,steps,11
2023-12-22T15:36:00+00:00,hr,98
2023-12-22T15:37:00+00:00,hr,99
2023-12-22T15:37:00+00:00,steps,28
2023-12-22T15:38:00+00:00,hr,102
2023-12-22T15:39:00+00:00,hr,103
2023-12-22T15:40:00+00:00,hr,98
2023-12-22T15:41:00+00:00,steps,8
2023-12-22T15:41:00+00:00,hr,108
2023-12-22T15:42:00+00:00,hr,97
2023-12-22T15:43:00+00:00,hr,87
2023-12-22T15:44:00+00:00,steps,12
2023-12-22T15:44:00+00:00,hr,89
2023-12-22T15:45:00+00:00,hr,93
2023-12-22T15:46:00+00:00,hr,90
2023-12-22T15:47:00+00:00,hr,96
2023-12-22T15:47:00+00:00,steps,18
2023-12-22T15:48:00+00:00,steps,6
2023-12-22T15:48:00+00:00,hr,94
2023-12-22T15:49:00+00:00,hr,92
2023-12-23T12:52:00+00:00,hr,87
2023-12-23T12:53:00+00:00,hr,88
2023-12-23T12:54:00+00:00,hr,91
2023-12-23T12:55:00+00:00,hr,91
2023-12-23T12:56:00+00:00,hr,91
2023-12-23T12:57:00+00:00,hr,91
2023-12-23T12:58:00+00:00,hr,90
2023-12-23T12:59:00+00:00,hr,87
2023-12-23T13:00:00+00:00,hr,87
2023-12-23T13:01:00+00:00,hr,85
2023-12-23T13:02:00+00:00,hr,85
2023-12-23T13:03:00+00:00,hr,86
2023-12-23T13:04:00+00:00,hr,91
2023-12-23T13:06:00+00:00,steps,13
